title,url
"焦糖熱一點,跟我們一起在生活中旅行，在旅行中生活！",https://travel.yahoo.com.tw/tagged/%E7%84%A6%E7%B3%96%E7%86%B1%E4%B8%80%E9%BB%9E
"享受生活不無聊。規小孫,旅行 · 美食 · 生活 · 愛。tour ✕ food ✕ life ✕ love",https://travel.yahoo.com.tw/tagged/%E8%A6%8F%E5%B0%8F%E5%AD%AB
"蘋果,蘋果和老逼的旅行遊記，精彩自由行的吃喝玩樂與兩人足跡的…",https://travel.yahoo.com.tw/tagged/%E9%99%B3%E8%98%8B%E6%9E%9C
"囧囧，食旅日常,寫下每一趟旅程，紀錄旅行中的美好停格，跟我一起練習好生…",https://travel.yahoo.com.tw/tagged/%E5%9B%A7%E5%9B%A7
"
						,帛琉在哪裡 新台幣力挺帛琉旅遊自助…,
					",https://tw.youcard.yahoo.com/cardstack/c4b31530-8a69-11e8-bb8f-9179a5649e0c
"
						,街頭藝術好「牆」，迷迷村用顏色翻轉…,
					",https://tw.youcard.yahoo.com/cardstack/24816fd0-8a41-11e8-bcfc-6b83a43c6d0d
"【台北】庄頭豆花担：黑白雙色豆花，人氣配料不限樣任選，石花凍必點,台北庄頭豆花担，在市民大道上微風廣場附近，屬忠孝復興站美食、忠孝敦化站美食，離兩站步行都是七分鐘。 古早味的庄頭豆花担菜單非常特別，豆花分…,Yahoo奇摩旅遊編輯部",https://travel.yahoo.com.tw/【台北】庄頭豆花担：黑白雙色豆花，人氣配料不-074834853.html
"國民早餐蛋餅大集合！包什麼料都無違和,蛋餅夾泡菜火腿起司已經不稀奇，這些怪奇口味，一吃上癮 不管包什麼料， 都能結合蛋餅變成超美味 365天，早餐天天吃蛋餅也不會膩 【蛋餅也有新疆味…,Yahoo奇摩旅遊編輯部",https://travel.yahoo.com.tw/video/國民早餐蛋餅大集合-包什麼料都無違和-153852278.html
"內湖巷內新開幕～簡約日系美店內品嚐 鋪滿當季新鮮漁獲的澎湃海味丼飯,旅遊部落客專欄 /smallice食攝人生】 「瞞著爹」這個店名實在取得絕妙，讓人印象深刻又好記，而老闆開店的契機也正如其名，瞞著父親大膽創業，從台北…,Yahoo奇摩旅遊編輯部",https://travel.yahoo.com.tw/內湖巷內新開幕～簡約日系美店內品嚐-鋪滿當季新-145540706.html
"到底是販賣機還是店入口？整理全台7家網美最愛的超繽紛IG打卡店，從南到北一次收集完成～,早午餐店 #台北・等等WeiWei (Photo by IG@katharine0915, 圖片來源) 位在南京三民站的小巧早午餐店「等等」，不僅餐點平價實在，從販賣機入口到桌椅…,Yahoo奇摩旅遊編輯部",https://travel.yahoo.com.tw/到底是販賣機還是店入口？整理全台7家網美最愛的-105724665.html
"輕工業歐式復古風咖啡廳～ 提供優質手沖咖啡、 早午餐！,台北車站附近的商圈充斥著非常多的美食，有學生熱愛的小吃，也有高優質的餐廳，到這附近逛街肚子絕不會感到空虛呢，而海倫咖啡就在新光三越旁的館前…,Yahoo奇摩旅遊網友投稿",https://travel.yahoo.com.tw/輕工業歐式復古風咖啡廳-提供優質手沖咖啡-早午餐-071149983.html
"IG水店又一發，這霜淇淋蝴蝶都要飛出來啦！,【葉癮評饗 / 里夫】一到夏天，就是各種飲料、冰品的大戰，前幾天才介紹各家芒果冰，今天介紹這間則是創意的奶酪優格霜淇淋，廢話不講啦，光看照片是…,Yahoo奇摩旅遊網友投稿",https://travel.yahoo.com.tw/ig水店又-發-這霜淇淋蝴蝶都要飛出來啦-063341236.html
"宜蘭礁溪超人氣的雞蛋仔來台北囉，三星蔥跟鴨肉通通可以入，加料加醬全客製化,宜蘭礁溪超人氣的雞蛋仔店「波波食堂Bubble House」來台北囉，當初到礁溪還特別跑去買，現在不用開到宜蘭就吃的到啦！ 透明化的製作過程，多了安…,Yahoo奇摩旅遊網友投稿",https://travel.yahoo.com.tw/宜蘭礁溪超人氣的雞蛋仔來台北囉-三星蔥跟鴨肉通通可以入-加料加醬全客製化-024012606.html
"從媽媽十塊到現在，建成圓環榮耀不變的老味道！,【葉癮評饗 / 里夫】老台北人基本上對於建成圓環都有著莫名的情感，不少知名的魯肉飯都是在建成圓環這附近，今天介紹的『圓環三元號』也有人直接叫三…,Yahoo奇摩旅遊網友投稿",https://travel.yahoo.com.tw/從媽媽十塊到現在-建成圓環榮耀不變的老味道-205234307.html
"純白氣質、粉嫩浪漫，五色繡球花開了～台北大賞園,這次車子停在外面，大賞園有免費停車場 考慮到假日賞花的遊客多，看到外面有位置趕緊卡位 這邊距離大賞園不遠，沿途景色秀麗，用走的也不錯 風景很…,親子就醬玩",https://travel.yahoo.com.tw/純白氣質、粉嫩浪漫，五色繡球花開了～台北大賞-160021669.html
"炒飯控不能錯過這家巷弄小店，大龍峒必吃炒飯！,【葉癮評饗 / 里夫】會發現『阿仁炒飯』算是意外，前年朋友推薦我這附近有家出色的雞蛋糕，離開時無意間發現這家『阿仁炒飯』的生意挺好，就一直列為…,Yahoo奇摩旅遊網友投稿",https://travel.yahoo.com.tw/炒飯控不能錯過這家巷弄小店-大龍峒必吃炒飯-062453423.html
"從路邊攤起家賣到開成店面的古早味蛋餅，口味不如預期的一中商圈人氣排隊銅板美食,本身是蛋餅控的小吠對蛋餅的熱愛，應該就像現在熱播中韓劇『金秘書為何那樣』裡李英俊社長對金秘書的喜愛程度吧((這樣比喻是否怪怪XD 總之小吠就…,Yahoo奇摩旅遊編輯部",https://travel.yahoo.com.tw/從路邊攤起家賣到開成店面的古早味蛋餅，口味不-043027558.html
"【三重】隱身於巷弄中 都市一隅的書卷香，是咖啡店也是書店！提供親子共讀區,旅遊部落客專欄 /Irene】 轉角的「Daily 常日書房」，格局不小，風格很有味道， 巷弄中的寧靜，更能襯出「Daily 常日書房」的靜謐。 目前試營運期間…,Yahoo奇摩旅遊編輯部",https://travel.yahoo.com.tw/【三重】隱身於巷弄中-都市一隅的書卷香，是咖啡-160534805.html
"遊樂設施超豐富，無障礙空間好貼心～台北花博公園舞蝶共融遊戲場,台北特色公園一座接著一座開放，今年二月開放的【花博公園舞蝶共融遊戲場】是一大型的共融遊戲場，吸引了大大小小的朋友前往玩樂,親子就醬玩",https://travel.yahoo.com.tw/遊樂設施超豐富，無障礙空間好貼心～台北花博公-160028289.html
"【內湖】浮誇大份量，小份炒飯比臉還大！,80 黑記懷舊排骨炒飯 電話：02-2659-2259 地址：台北市內湖區內湖路一段203巷5號 營業時間：10:30~14:00/17:00~20:00 文章出自:Irene,Yahoo奇摩旅遊編輯部",https://travel.yahoo.com.tw/【內湖】浮誇大份量，小份炒飯比臉還大！-143415184.html
"大心新泰式麵食酸辣重口味還是能擄獲我的嘴和心,酸辣海陸麵（$250）- 最吸睛的就是像扇子展開的炸金針菇了，我超愛吃炸物，逛夜市時不時也會點上炸金針菇，酥脆的麵衣是關鍵，不想太濕軟就要快點吃…,Yahoo奇摩旅遊網友投稿",https://travel.yahoo.com.tw/大心新泰式麵食酸辣重口味還是能擄獲我的嘴和心-140514207.html
"復古風體驗 盛情邀約,撰文/ Aries Huang 攝影/張晨晟 圖片提供/六福客棧 老字號的「六福客棧」獻上滿滿心意，熱情邀約體驗懷舊風，於古典廂房Cosplay體驗傳統婚禮，感受金…,AZ旅遊生活",https://travel.yahoo.com.tw/復古風體驗-盛情邀約-135648098.html
"歲月帶不走的迷人風華,撰文/ Aries Huang 攝影/蔡嘉瑋 圖片提供/華泰王子大飯店 走向國際化的那個年代，華泰王子於2001年正式與西武集團結盟，成為全球王子連鎖大飯店之一…,AZ旅遊生活",https://travel.yahoo.com.tw/歲月帶不走的迷人風華-134156517.html
"誠鮨 日本料理慢活品嘗商業午餐精緻細膩,皮帶點焦脆肉質軟嫩還有些油脂，刷上甜鹹醬料的鰻魚真是好吃，搭上白飯真的就是小確幸了，處理過的鰻魚無刺可以大口扒飯 店址: 台北市中山區建國北路…,Yahoo奇摩旅遊網友投稿",https://travel.yahoo.com.tw/誠鮨-日本料理慢活品嘗商業午餐精緻細膩-142950557.html
"台北雙人下午茶之東西合璧混搭十種好茶的美型美味鹹甜滋味,所以，這次熊跟喵要造訪的，就是走非常紮實也帶著傳統法式感（再混搭一些台灣元素）的君悅茶苑下午茶，這次的題目是以十種各式各樣茶品作為元素的茶…,Yahoo奇摩旅遊編輯部",https://travel.yahoo.com.tw/台北雙人下午茶之東西合璧混搭十種好茶的美型美-125851774.html
"台北新景點 | 360° 夢幻視覺系特展! 光影東京TOKYO ART CITY 台北最強光雕展~,歌舞伎町就在JR新宿站中央東口附近， 冰淇淋店真的可以買到聖代冰淇淋60元， 最吸睛的澀谷街道，360度環野城市街景， 每5分鐘就會有一場大型光雕…,Yahoo奇摩旅遊編輯部",https://travel.yahoo.com.tw/台北新景點-360-夢幻視覺系特展-光影東京tokyo-art-city-台北-124647818.html
"萬華日本料理～現烤生蠔，超吸晴日式甜點組,說到日本料理~身邊的朋友好像沒有不喜歡的，就連挑嘴的瑋爸都能被征服，不過大多數的日本料理都不便宜，所以除了特別的節日或是聚餐好像也不會常常去吃。但這次與大家分享的「小林英夫」，不僅有提供超值的套餐，平日午餐時段70元起就可以享用一碗豬肉咖哩飯，哇哇哇~真的相當超值耶，難怪經營多年的小林英夫人氣依舊不減，有機會一定要來小林英夫感受美味的日本料理。 位於萬華的小林英夫鄰近捷運西門站及龍山寺站，步行都大約10分鐘即可抵達，除了可以去西門町逛逛街，萬華附近也有不少景點，像剝皮寮、糖廍文化園區、新富町文化市場，用餐之餘再安排個懷舊輕旅行也是不錯的...,Yahoo奇摩旅遊網友投稿",https://travel.yahoo.com.tw/萬華日本料理-現烤生蠔-超吸晴日式甜點組-151958079.html
"平價海力士，小菜飲料吃到飽,橫綱豬排丼（$160）- 加了五十元升級成套餐，多了茶碗蒸跟甜點 鮭丼（$190）- 整碗都是鮭魚來著，不過有炙燒跟生鮭混合，沒那麼單調倒是讓我覺得有花上小心思 店址 : 台北市大安區台北市大安區 安居街21號 電話 : 02-27375949 營業時間 : AM11:00~PM14:30 PM17:00~PM21:30,Yahoo奇摩旅遊網友投稿",https://travel.yahoo.com.tw/平價海力士-小菜飲料吃到飽-134853189.html
"藝人都忍不住來買，東區隱藏版的美味蔥抓餅,【葉癮評饗 / 里夫】這天跟正妹友人約著來東區下午茶，娜塔莉花園咖啡館什麼都好，就是吃不飽，傍晚就想找點小吃添點飽足感，朋友就推薦了我這家『忠將蔥抓餅』，也有人把這家店稱為""非常好吃蔥抓餅""(聽說名片上是這樣印)足可見到老闆對自己蔥油餅的自信，當然馬上來一份囉！,Yahoo奇摩旅遊網友投稿",https://travel.yahoo.com.tw/藝人都忍不住來買-東區隱藏版的美味蔥抓餅-083621136.html
"【台北中山】一齊和牛燒肉－不用遠飛日本就能吃到A5和牛！日本門崎丑牧場新鮮直送，整頭和牛進口來台灣！,【食旅作家/鄭小柔】今天帶大家來台北市中山區「一齊和牛燒肉」，主打與日本岩手縣－門崎丑牧場合作，將整頭A5和牛分切，新鮮直送台灣！ 餐廳開設在南京東路二段65號，近台北捷運‧松江南京站6號出口，步行3～5分鐘即可抵達。 牛的香氣更重，牛舌口感Q軟脆嫩，鮮美好吃。 肉質厚實少筋，口感紮實，Q彈不失嚼勁。 將整頭A5和牛分切，新鮮直送台灣！ 營業時間：1:30 - 14:00 、 17:00 - 22:00 電話：02 2521 1077 地址：台北市中山區南京東路二段65號（台北捷運‧松江南京站6號出口）,Yahoo奇摩旅遊網友投稿",https://travel.yahoo.com.tw/台北中山-齊和牛燒肉-不用遠飛日本就能吃到a5和牛-日本門崎丑牧場新鮮直送-整頭和牛進口來台灣-042030340.html
"週末野餐好去處 花博公園現蜂芒,台北花博公園農民市集於本週末(7/14、7/15)舉辦「花博現”蜂芒”－夏日清涼野餐趴」，邀請大家在炎炎的夏日來市集消暑一下！蜂農展售攤位特別準備清涼的蜂蜜水、台南愛文芒果冰沙及蜂蜜蛋糕(限量100份)，讓前來party的朋友品嚐酸酸甜甜的自然風味，享受甜蜜的幸福盛宴。 台北市產業局與台北市農會於12日舉辦記者會，台北市產業局局長林崇傑表示，花博公園市集近年來提供全國農民一個良好、高品質的銷售平台，為消費者嚴格把關，讓民眾買得安心、吃的放心，希望藉本次「花博現”蜂芒”－夏日清涼野餐趴」活動，帶給不一樣的味覺饗宴，體驗搖蜜、趣味闖關、DIY蜂蜜護唇膏，學習...,十華整合行銷",https://travel.yahoo.com.tw/週末野餐好去處-花博公園現蜂芒-025231169.html
"客製在地化設計旅館 「華山町」開幕引「住」意,天成文旅華山町精緻雙人房 台灣飯店林立，如何在市場上做出差異化？如何做出區隔？成為飯店業刻不容緩的要件之一！而現在到台北旅行又有住宿新選擇，天成飯店集團在台北，以2016年創立的品牌，在台北緊鄰華山1914文化創意產業園區旁，以1952年第一銀行興建後，作為台北倉庫使用的歷史建築，在經去年起耗資兩億投入籌設「天成文旅-華山町」，於昨(12)日開幕，雖然建體非新建物，卻因為歷史背景，讓旅館保留原先歷史建築內部的無梁板構造、漏斗狀圓柱等特色，再透過業者將文化歷史挖掘，並注入創意等元素，打造為融合銀行、製酒主題，全館三層樓規劃出72間客房，與1間融入英式酒吧...,旅遊經",https://travel.yahoo.com.tw/客製在地化設計旅館-華山町-開幕引-住-意-233000739.html
"霹靂30周年布袋戲藝術特展，創新APP觀展體驗,不管你是不是霹靂戲迷，來到這裡保證都能大飽眼福，發出一陣陣驚嘆聲；尤其是最後的商品區也很厲害，結合不少知名的聯名、限定商品，欣賞完展覽也可以帶回喜歡的戲偶或周邊商品回家收藏! span>▼「霹靂藝術科幻特展」從6/29~9/24在中正紀念堂第一展廳盛大展出，沿途中不時會看到許多關於這次展覽的宣傳品，讓我們在前往的時候就開始熱血沸騰起來! span>,Yahoo奇摩旅遊編輯部",https://travel.yahoo.com.tw/霹靂30周年布袋戲藝術特展，創新app觀展體驗-135136973.html
"一天就賣3、4小時，晚來肯定槓龜！,葉癮評饗 / 里夫】說個笑話，台北美食彰化肉圓 XD。昨天才介紹在嘉義的基隆廟口鹽酥雞，今天再來介紹台北的彰化肉圓吧。 雖然我每次跑去彰化，回來大都介紹爌肉飯， 但其實肉圓我也吃了不少家，阿彰就不用講了，北門口、燒肉圓，還有幾家沒寫食記出來分享的XD 我總跟彰化朋友開玩笑說，其實排隊人潮最多，完售速度最快的彰化肉圓在台北。 玩笑歸玩笑，其實我講的一半也是真的，先前介紹過南機場2小時完售的彰化肉圓， 今天介紹這家『安東街彰化肉圓』其實也不遑多讓，大概一天也只賣3~4小時吧， 因為忠孝復興我很常來，不想專程刻意來吃，每次順道來，要嘛還沒開...,Yahoo奇摩旅遊網友投稿",https://travel.yahoo.com.tw/天就賣3-4小時-晚來肯定槓龜-112139145.html
"【台北】黑牛穆場牛排館，萬芳醫院捷運站,不然常常不知道菲力啊、沙朗啊、或肋眼他們是在吃什麼XDDD 地址： 116台北市文山區興隆路三段112巷2弄10號1樓號 電話： 02 2932 3301 時間：11:00-14:30、17:00-21:30,Yahoo奇摩旅遊網友投稿",https://travel.yahoo.com.tw/台北-黑牛穆場牛排館-萬芳醫院捷運站-015042253.html
"老司機帶路！南港消夜牛肉麵報你知！,【葉癮評饗 / 里夫】我最早開始四處尋著小吃，其實源於一位開計程車的舅舅，閒時就載著我四處找美食，舅舅已過世多年，但計程車是平民美食指標這件事我一點沒忘記。 會發現今天介紹這間『家傳牛肉麵』，就是某次開車經過時發現有2~3台小黃停路邊。 計程車美食通常有幾個重點，一來好停車，二來價格親切，三來口味通常也不錯。 回家查了下資料，發現網上介紹的多是宜蘭的『家傳牛肉麵』， 南港『家傳牛肉麵』其實網上資料不多，這天收工完回家路上就順便繞了過來，還真挺不賴！ 『家傳牛肉麵』菜單價位(2018.06) 我個人覺得價位蠻親切的， 雖然是靠台北市的邊界了，但畢竟還在台北市...,Yahoo奇摩旅遊網友投稿",https://travel.yahoo.com.tw/老司機帶路-南港消夜牛肉麵報你知-173117058.html
"【台北】網美新愛店！韓式義式碰撞出新奇美味餐點～不限時咖啡廳,美食部落客／艾妮可】近期吃到最好拍最美味的餐廳絕對是這家La Crescenta 月亮仙人掌．韓義式咖啡餐廳，從韓國開來台灣的La Crescenta 月亮仙人掌，分別在韓國永登浦、大邱與弘大有三家店 La Crescenta 月亮仙人掌．韓義式咖啡餐廳位在瑞安街和建國南路一帶， 附近捷運有科技大樓和大安森林公園兩站，約莫步行時間大概7~10分鐘， 店名很特別艾妮可還特地詢問了老闆，原來La Crescenta 是西班牙文月亮的意思， 是美國著名的街道，以獨特的時尚和藝術氛圍聞名 大量的金屬元素點綴霓虹燈真的時尚又吸睛，跟我先前去...,Yahoo奇摩旅遊網友投稿",https://travel.yahoo.com.tw/台北-網美新愛店-韓式義式碰撞出新奇美味餐點-不限時咖啡廳-172547419.html
"花漁新和風料理，燒牛山丼大口吃肉，小資聚會好所在，白飯和湯無限供應,燒牛山丼($180) - 紅色細絲辣椒 , 像小山一樣的肉堆們 ,還有些菇類 , 趁熱拌入飯中 , 甜鹹的燒肉醬汁 , 軟爛入味的洋蔥絲 第一道上這個就對了，加60元可以升級成定食套餐，不過點了其他菜，我想再升級可能會吃不完 鹽烤松阪豬（$180）- 有點嚼勁的才稱的上是松阪豬，跟家裡自己買的肉質有得拚，弟弟很愛川燙松阪豬肉片沾醬油吃，我媽也對松阪部位略懂，自然也跟著瞭解多一些 骰子牛肉串（$80）- 很少吃骰子牛，今天看其他桌有點賣相不錯也試試看 炸牛蒡天婦羅（$80）- 外層酥脆口感，經炸過牛蒡香更為明顯 奶油炎大蝦（$320）使用滿滿奶油悶燒而成的泰國大白蝦，佐上蒜頭提味，貼心經過處理好...,Yahoo奇摩旅遊網友投稿",https://travel.yahoo.com.tw/花漁新和風料理-燒牛山丼大口吃肉-小資聚會好所在-白飯和湯無限供應-153204827.html
"【台北迪化街】老城街區中的祕密花園～D.G. Café,D.G. Café位在迪化街熙來攘往的街巷中，深入其中，才會發現裡頭別有洞天，當陽光灑落在店內那南法風格的花園咖啡座，柔和又繽紛的色彩，宛如一株來自異域的斑斕花朵。盛放於充滿舊時情懷的老街之中。 D.G. Café是附設於D.G. Hotel中的咖啡廳， 鄰近捷運新蘆線「大橋頭站」1號出口， 出站後往迪化街商圈的方向步行約5分鐘即可抵達。 不過，D.G. Café仍維持著大稻埕建築的經典格局---「三進二中庭」， D.G. Café的低消為$170/人， 用餐限時2小時，所以若想多拍點照可要好好把握...,Yahoo奇摩旅遊網友投稿",https://travel.yahoo.com.tw/台北迪化街-老城街區中的祕密花園-d-g-caf-092609379.html
"【台北-南港區】成美左岸河濱公園&彩虹橋愛情水岸,當天逛完citylink松山店，小孩來夜市吃豆花，吃完往公園散步去 視野很好，看的到台北1O1 通道往前過個小馬路就是捷運松山站5號出口 電話：02-27208889,Yahoo奇摩旅遊編輯部",https://travel.yahoo.com.tw/【台北-南港區】成美左岸河濱公園彩虹橋愛情水岸-091202387.html
"[台北美食]連續三年香港米其林推薦甜品！,佳佳甜品位在信義區巷弄中 靠近捷運市政府站一號出口往基隆路方向 走路約3-5分鐘可以到達 佳佳甜品創立於1979年 是40年的香港老字號甜品店 目前海外第一家分店就是信義區的佳佳甜品 原料部分也大多是從香港進口的 佳佳甜品 菜單 佳佳甜品的販售品項約11種 其中六種可以坐雙拼 大多數人會點的是招牌的芝麻糊、核桃露、杏仁露及芋茸蓮子西米露 而像楊枝甘露是季節限定及內用限定 椰香紫米露則是台灣限定及內用限定 另外我大推一定要加一份湯圓(3顆/份) 非常Q彈好吃!! 芝麻糊 $95 芋茸蓮子西米露 $95 楊枝甘露 $128 湯圓 $45(3顆/份) 大推佳佳甜品的湯圓超級好吃!! 選用的寧波的黑芝麻湯圓...,Yahoo奇摩旅遊編輯部",https://travel.yahoo.com.tw/台北美食連續三年香港米其林推薦甜品！-082009942.html
"夢幻韓系遊戲區，好玩好吃好好拍～台北Minime Kids Cafe親子餐廳,p>【Minime Kids Café 親子餐廳】是台北東區全新開幕的夢幻韓系親子餐廳，好好玩也好好拍!! br /> 粉嫩時尚的韓式裝潢，還引進韓國親子餐廳的遊樂設施～城堡屋、塗鴉牆、原木廚具家家酒、影音互動區… 不只讓孩子玩得開心，美味的韓式炸雞、韓國料理更是讓爸媽吃得超開心～絕對是個放生小孩吃美食的好地方!! p> ▌台北東區全新開幕的夢幻韓系親子餐廳 【Minime Kids Cafe 親子餐廳】位在台北市大安區，在忠孝東路和仁愛路、光復南路和敦化南路間的巷弄中，是個 2018 年 4 月新開幕的親子餐廳。 餐廳老闆曾經在韓國住過，特別把韓國親子...,親子就醬玩",https://travel.yahoo.com.tw/夢幻韓系遊戲區，好玩好吃好好拍～台北minime-kids-cafe親子-080053348.html
"台北。走進日雜風吃美味甜點,本來在宜蘭兩天一夜吃超飽的我們，只是單純來休息吃個甜點，沒想到朋友經不起誘惑點了一盤咖哩飯，結果驚為天人！一上桌香氣四溢！口感是很濃的日式咖哩，配合香Q白飯一口吃下超滿足，黃澄澄的太陽蛋也很誘人，幫這盤咖哩飯加分不少！ 六丁目Cafe 地址： 105台北市新中街6巷7號 營業時間：週日到周四12:00-21:00、週五六12:00-22:00 電話： 02 2761 5510,Yahoo奇摩旅遊編輯部",https://travel.yahoo.com.tw/美食-台北，六丁目咖啡，走進日雜風吃美味甜點-051438501.html
"[台北美食]日本橋海鮮丼Tsujihan/東京必吃排隊海鮮丼,p>日本橋海鮮丼つじ半-Tsujihan是東京TOP1排隊必吃海鮮丼 目前正式進駐信義區微風信義百貨B1 就在捷運市政府站三號出口 日本橋海鮮丼つじ半與日本同步推出「松」...,Yahoo奇摩旅遊編輯部",https://travel.yahoo.com.tw/台北美食日本橋海鮮丼tsujihan-東京必吃排隊海鮮丼-045342743.html
"《行天宮捷運美食》CAFE RACO咖啡廳不限時餐廳推薦,最近的天氣實在太熱了，難得跟鴨子一起約吃飯閒話家常，吃噵遊涼麵，到現場才發現店家公休超哀怨，我們就改選在臨近行天宮捷運站的 CAFE RACO，CAFE RACO是間不限時的咖啡廳，據說不少網紅ig客喜歡來這邊喝咖啡，吃台北下午茶來個閨蜜的約會，若不是鴨子帶路，都不曉得狹小的巷子裡，隱藏一家這麼厲害的店， 像CAFE RACO就有這方面的服務， 想要包場辦活動， 或是部分區塊場地租借， 都可跟CAFE RACO接洽， 有些規則還是要務必遵守， 知名演員:柯佳嬿曾與clappin拍手在CAFE RACO採訪與拍攝， nana媽好喜歡...,Yahoo奇摩旅遊網友投稿",https://travel.yahoo.com.tw/行天宮捷運美食-cafe-raco咖啡廳不限時餐廳推薦-025340554.html
"夏日油炸肉圓out！清蒸肉圓盛夏爽口！,津味肉圓 肉圓不管是個頭大小還是烹飪方式，都偏向南部味， 肉圓個頭不大，外皮晶瑩而軟Q，我挺喜歡這邊的肉餡， 淡淡的胡椒香非常討喜，醬料的部份也走清爽路線，加辣非常好吃， 如果要說這肉圓非常特別那倒也沒有，不過清爽的老味道反而更為耐吃。,Yahoo奇摩旅遊網友投稿",https://travel.yahoo.com.tw/夏日油炸肉圓out-清蒸肉圓盛夏爽口-175147658.html
"樹屋繩網、小泰山溜索，放開手腳盡情探險吧～台北三民公園,台北市第二座溜索公園來了～位於民生社區的【三民公園】，找個時間帶著孩子來當小泰山吧，小捧油鐵定嗨翻！溜索好好玩～看得馬麻我自己都想要玩了.. 台北的公園越來越好玩，一座比一座更有特色，三民公園在今年(2018年)三月才改建完成，成為台北特色公園之一 公園裡的大型木質樹屋溜滑梯好吸睛，小泰山溜索長又刺激，還有小捧油都很愛的雙層大沙坑及繩索攀爬設備，這麼新奇好玩又完全免費，不帶孩子來放電太可惜了 玩・樂 最浪漫的教養 再忙也要一起玩！ 與孩子的幸福時光～陪孩子遇見美好的事！ 更多親子旅遊 X 親子創意生活資訊，請到「親子就醬玩」：www.kidsplay.com.tw 圖文...,親子就醬玩",https://travel.yahoo.com.tw/樹屋繩網、小泰山溜索，放開手腳盡情探險吧～台-151337007.html
"台北東區下班聊天小酌的好地方推薦～串燒殿，NT$499吃到飽,這幾天和姐妹的約會變得頻繁，（哈哈哈），老公加班去，姐妹解禁啦！終於可以陪我出來吃喝啦！今天的約會地點在台北市的鬧區裡，美食林立，消費高的戰區，找了一家NT$499吃到飽的串燒烤物，不但能滿足Lulu貪吃慾還能滿足愛品酒的姐妹需求。 【串燒-殿】距離忠孝復興捷運站（從頂好名店城出口）過來約10分鐘腳程即可抵達，下班後搭乘捷運過來還蠻方便的。 由於當天用餐的客人很多，Lulu便不方便拍用餐環境照跟大家分享了，用餐環境空間雖非很大，但乾淨舒適，是個下班後聊天聚餐的好地方。 ⬆NT$499吃到飽，菜單上的均可以點，（每次加點最多8樣...,Yahoo奇摩旅遊網友投稿",https://travel.yahoo.com.tw/台北東區下班聊天小酌的好地方推薦-串燒殿-nt-499吃到飽-032446841.html
"香港來台雞蛋仔，連續三年米其林推薦小吃，西門町電影街散步美食,連續三年榮獲「米芝蓮街頭小食推介」的「媽咪雞蛋仔」，從香港來台囉！希望透過雞蛋仔，讓台灣的民眾也能品嚐到這份美味的香港小吃，不用飛到香港就能品嚐到道地的雞蛋仔。 本體口味有原味、抹茶、咖啡，配料多達12種，有甜有鹹，自由搭配出自己喜愛的口味， 現點現做需要一些時間，等的人不算多大概10分鐘內即可到手。 鹹檸七冰沙，NT. 黃金雞蛋仔，NT. 一顆一顆的雞蛋仔則是紮實中又帶有Q度，相較於一般的雞蛋仔很有嚼勁。 吃起來鹹香滋味渾厚，鹹蛋跟雞蛋的香完美match，不愛甜食的我跟泰瑞都偏愛這口味， 抹茶雞蛋仔，NT.,Yahoo奇摩旅遊網友投稿",https://travel.yahoo.com.tw/香港來台雞蛋仔-連續三年米其林推薦小吃-西門町電影街散步美食-001244147.html
"過半口味都完售，松江南京上班族最火的午茶點心！,阿源煎餅』菜單價位(2018.06) 煎餅口味種類其實不少，有高麗菜、蘿蔔絲、蔥肉、韭菜、紅豆五種， 但當天每賣完一種，牌子就下架了，所以這天只剩下蘿蔔絲、韭菜、紅豆(我的蔥肉.... 除了煎餅以外，飲料有紅茶、豆漿，也有賣外帶的手工水餃(一盒20颗/70元) 蘿蔔絲煎餅 雖然我不討厭蘿蔔絲餅，但這也不是我平常會點的口味，主要是很多蘿蔔絲餅水份太多，吃起來皮太濕。 而『阿源煎餅』的蘿蔔絲胡椒調味跟濕潤度剛剛好，有一點點脆，又不像車輪餅那種蘿蔔絲太乾。 不過我覺得最精彩的該算餅皮，既有厚度表皮又酥，但咬起來卻帶有Q度， 看起來頗油，但吃起來其實並不感覺太過油膩...,Yahoo奇摩旅遊網友投稿",https://travel.yahoo.com.tw/過半口味都完售-松江南京上班族最火的午茶點心-183549566.html
"放鬆心情來看藍色大海！最夢幻看海步道一次分享，晴朗好天氣來個浪漫濱海約會唄！,在台灣有很多美麗步道通往海邊， 有的需要爬一小段山丘，或是一段森林， 但獲得的會是一片碧藍的大海， 忙碌的一整周，這時候不妨來趟看海的浪漫之行， 好好放鬆心情，幫自己補充滿滿正能量， 小兔這篇就幫大家整理網誌內高人氣的看海步道， 下一個晴天放假時就計畫出發吧！ 小小一間的小學，背後卻是一片湛藍大海， 還有美麗的稜谷步道可以享受晴空下登山健走， 360度無死角的眺望鼻頭角海景， 光在這裡待一下午，我的心情也跟著好好， 在鼻頭國小＆鼻頭角步道的好日good day～ 一生必來一次的旅遊美地。,Yahoo奇摩旅遊編輯部",https://travel.yahoo.com.tw/放鬆心情來看藍色大海！最夢幻看海步道一次分享-152401812.html
"Amaroni's紐約創義料理結合美式大份量給家人朋友聚會大滿足的享受,來自義大利的移民移居至香港，而開了這家Amaroni's，把義大利的菜色融合了美式餐點的大份量，結合了兩個國家的飲食文化，才剛開我們就來踩點了 義式雞湯 - 使用帕瑪森起司、新鮮蔬菜及義大利米，慢火熬煮而成，湯頭清澈有蔬菜甜味，果然很有有義式風味 經典牛肉千層麵 - Amaroni的千層麵體比起一般吃的稍微厚實有咬勁，不是薄薄的一層，每層中都鋪有滿滿的波隆納牛肉醬還有兩種起司混合 據說義大利人很喜歡全家吃飯的氣氛，所以份量也比較大，根本家庭號了，所以說Amaroni算是滿適合多人聚餐的餐廳，食物好吃又可以讓大家吃的很飽，改次公司聚餐不要再...,Yahoo奇摩旅遊網友投稿",https://travel.yahoo.com.tw/amaroni-apos-s紐約創義料理結合美式大份量給家人朋友聚會大滿足的享受-150024004.html
"浮誇大份量，小份炒飯比臉還大！點一份吃兩餐，不是大胃王別輕易點太多,炒飯不是我特別鍾愛的品項，但有次看到「黑記懷舊排骨炒飯」的排骨炒飯照片，就深深的烙印在腦海中，看起來就是一份十分可口的模樣阿！,Yahoo奇摩旅遊網友投稿",https://travel.yahoo.com.tw/浮誇大份量-小份炒飯比臉還大-點-份吃兩餐-不是大胃王別輕易點太多-001232917.html
"蘆洲平價美味的隱藏小店，有趣的炸壽司,70 合之屋 電話：0989-630-716 地址：新北市三重區永安北路二段37號 (捷運徐匯中學站) 營業時間：10:00~14:00、17:00~21:00 文章出自：Irene,Yahoo奇摩旅遊編輯部",https://travel.yahoo.com.tw/蘆洲平價美味的隱藏小店，有趣的炸壽司-180446487.html
"【西門町】維記茶餐廳：道地香港人開店，乾隆蜜汁花雕雞必點大推薦,p>西門町維記茶餐廳號稱台灣第一家茶餐廳，口味頗為道地，因為老闆是正宗香港人。 維記茶餐廳菜單最暢銷招牌菜是，煲仔飯、乾隆蜜汁花雕雞、薑蔥魚下巴煲、潮洲五花肉， 除此之外，碗仔翅、鴛鴦、絲襪奶茶人氣也相當不錯。波比前後來了幾次，認為酸酸甜甜的香橙煎軟雞， 酥脆溫熱交雜的菠蘿油亦值得一嚐，來西門町想品嘗異國美食的話，不妨維記茶餐廳試試喔～,Yahoo奇摩旅遊編輯部",https://travel.yahoo.com.tw/【西門町】維記茶餐廳：道地香港人開店，乾隆蜜-172850366.html
"美味沙拉之旅‧大份量、口味好的新美式料理!美式黑白切、戰斧豬排推薦!,【店家資訊】 Mastro戰斧教父 地址:新北市中和區中山路三段122號4F(中和環球購物中心四樓) 電話:02-32349588 營業時間:11:00~22:00(無公休) FB粉絲團:https://www.facebook.com/MastroGlobalMall/,Yahoo奇摩旅遊編輯部",https://travel.yahoo.com.tw/美味沙拉之旅‧大份量、口味好的新美式料理美式-144139765.html
"台灣首見「「蕎麥會席套餐」坐擁45樓101夜景景觀餐廳！,為的就是增加台灣人偏好的咬勁，但當然喜歡怎樣口感的蕎麥麵也是個人主觀認定就是。而「菜なnana」的蕎麥麵除了堅持以北海道的蕎麥、小麥粉外，還特別引進「富士山天然超軟水」當日現做而成，完全忠於日本的風味。 在日本賣蕎麥麵通常是專精，就像日本拉麵一樣，像這樣結合「會席料理」的蕎麥麵餐廳，不止在台灣是首先，在日本也不算多見。由引進「和食EN」日本料理、「御盤de食堂」日式料理、以及一夜干料理為主打的「鶿克米」的BYO株式會社再次引進台灣全新料理方式的蕎麥會席料理，並以台灣人喜愛的套餐的方式呈現，企圖顛覆台灣人不愛蕎麥麵的印象。 除了以...,Yahoo奇摩旅遊編輯部",https://travel.yahoo.com.tw/台灣首見「「蕎麥會席套餐」坐擁45樓101夜景景觀餐-142437120.html
"用職人精神做的炎庵拉麵濃郁豚骨湯頭好味道,逛完Sogo正要來到阿宗麵線覓食，意外發現隔壁開了一家炎庵拉麵店，門外還有花籃，是剛開不久的新店家。 辣味豚骨拉麵（$230）- 以往都是辣味增口味居多，而這碗則是帶有四川椒香的麻辣味，本人太愛吃辣，還請廚房做辣一點的口味，很細緻的麻與稍微有點程度的辣和渾厚的基底豚骨湯真的好搭不會死鹹，是有層次的味道 佐伯拉麵（$220）- 同樣使用了豚骨湯頭為基底，加入些許胡椒及蒜頭調味，湯頭的好在這碗拉麵更能明顯展現，順口濃郁又帶些清甜，但不會讓人覺得厚重有負擔，胡椒味也能好好展現自己，讓層次分明 中津炸雞（$160） - 本來以為不過就是唐揚炸雞，是頗類似，但更...,Yahoo奇摩旅遊網友投稿",https://travel.yahoo.com.tw/用職人精神做的炎庵拉麵濃郁豚骨湯頭好味道-134443457.html
"台北暑期展覽 | 忠孝敦化有梗冰菓室，免費入場還請你吃冰看冷笑話,炎炎夏日～ 除了嘴巴吃冰淇淋，眼睛也好想消暑一下 最近發現有梗冰果室這個有趣的展覽 剛好回台北就跑來參觀看看 這是一個免費的展覽 但期間限定只有三個月 KOKO Lab有梗冰菓室位在敦化南路上，國泰世華旁邊 不說我還以為是新開的冰店呢 經過的路人也都忍不住探頭往內瞧，這間到底是在幹嘛的 XDD 回家查一下 發現這裡前身是我很想去KOKO文字大藥房 那麼不來參觀一下還真是說不過去！！ 門口有一根被咬了兩口的冰棒 因為少了兩口，一直被大家笑腦殘 後來把KOKO數位銀行的LOGO當成頭上的蝴蝶結使用，從此有了美好人生 看到門口的文案...,Yahoo奇摩旅遊編輯部",https://travel.yahoo.com.tw/台北暑期展覽-忠孝敦化有梗冰菓室，免費入場還-131141614.html
"西門店王記府城肉粽－簡單質樸料實在的美味小吃,就是樓下要介紹的「碗粿」跟右護法「蘿蔔魚丸湯」，而不是左護法，大家比較熟悉的「大腸麵線」。先來說說「碗粿」，單價一碗40元它的用料基本上跟粽子差不多，除了有整之新鮮完整的蝦子，醬汁很入口，碗粿雖然沒到入口即化的綿密，也算是中等以上的美味口感。 而「王記府城肉粽」店內我最喜歡享用的美食，其實就是這碗湯溫熱味鮮，魚丸Q 又有咬勁的「蘿蔔魚丸湯」，一碗單價40元，每次累了一天，尤其像現在入冬 ，台北老下雨，晚餐如果有逛到西門町來，就會來享用一碗「蘿蔔魚丸湯」，湯份量不多，但蘿蔔烹煮得剛剛好，跟魚丸一樣，不會太硬或太爛，它的魚丸口感，介於...,Yahoo奇摩旅遊網友投稿",https://travel.yahoo.com.tw/西門店王記府城肉粽-簡單質樸料實在的美味小吃-061404172.html
"美酒佐美食 幸福歡聚夜未央,在商辦大樓林立的民生東路上，輕啟Wine-derful大門，撲鼻的自製烤麵包香氣迎面而來，地下一樓如置身歐洲酒窖餐廳裡，人們的笑談聲、酒杯聲隨著音樂流洩，一起在空間中迴盪著，周末夜和伴侶手牽手或朋友相約想去哪裡續攤？歐洲傳統小菜美食，佐以百款精選超值紅白酒，輕鬆溫馨的歐陸版深夜食堂正等著您光臨。 台北市最大的酒窖餐廳Wine-derful，餐點由資深西餐主廚研發的法義創意菜，料理相當別出心裁，在此地商圈贏得好口碑，晚間正餐供應到十點，周五和周六以及國定假日前夕加碼營業時間到凌晨兩點。 Wine bar 百款佳釀任君選 Wine-derful擁有傲人的...,AZ旅遊生活",https://travel.yahoo.com.tw/美酒佐美食-幸福歡聚夜未央-042757636.html
"【新北-土城區】甘泉魚麵金城店,金城路三段62號的甘泉魚麵開了好多年，有時候想到會過來買麵 營業時間蠻長的，11:00-22:00 最後供餐時間為21:30 這次發現有wifi可以連了；雜誌、醬料自行取用 土城還有另一間在裕民路258號，在廣川醫院附近。 地址：新北市土城區金城路三段62號 電話：02-22635660 營業時間：11:00-22:00 （最後供餐時間為21:30）,Yahoo奇摩旅遊編輯部",https://travel.yahoo.com.tw/【新北-土城區】甘泉魚麵金城店-032556011.html
"生意好到人潮滿出來，這間明蝦火鍋竟然只要99元！,【美食部落客 / 謝蘿莉】說到瓦法奇朵每每總讓人出奇不意，不固定更新新菜單，特色餐點的CP值可是高到嚇人！記得之前曾有一波99元牛肉麵，牛肉麵也許並不稀奇，但它們家使用的牛肉卻是安格斯雪花牛跟大牛排，現在飲料加購吃乾鍋竟然也只要99？！這未免也太便宜了吧！ 地表最強飲料加購價，只要99元就可以吃明蝦乾鍋、乾燒牛排，甚至豬排、雞腿、牛肉麵，等於個人乾鍋附飲料只要二百多就可以吃得到！ 這邊不限時、不收服務費，不少客人一坐就是一整個下午，有免費的冷氣吹根本人生一大樂事，難怪用餐人潮整個爆滿到很誇張！XD 現在雖然天氣嚴熱，但我發現吃鍋的客人...,Yahoo奇摩旅遊網友投稿",https://travel.yahoo.com.tw/生意好到人潮滿出來-這間明蝦火鍋竟然只要99元-223848451.html
"西門町原來有這麼優秀的早午餐,近年旅館年輕品牌大吹早午餐風，完全顛覆以往吃到飽的模式。amba 吃吧 算是在一級戰區西門町的輕酒店新指標，美好的假日來趟 amba 吃吧 ▲交通位置 (近西門捷運站 6號出口) amba 吃吧 位在西門町誠品的五樓，走過自營品牌_甜吧，再搭上電梯來到飯店的櫃檯 ▲底特律方形披薩 BBQ海底總動員 歡迎上Dustin貪食嗑粉絲專頁一起玩垮世界！ 《 INFO 》 店名：amba 吃吧 電話： 02 2375 2075 地址：台北市萬華區武昌街二段77號 粉絲專頁：amba 吃吧 營業時間：11:30–14:30, 17:30–21:30,Yahoo奇摩旅遊網友投稿",https://travel.yahoo.com.tw/西門町原來有這麼優秀的早午餐-154205169.html
"小當家海鮮鍋物民權店，海鮮拼盤火鍋聚餐,文章來源：生活就是要慢慢吃。前幾天才跟朋友推薦連食尚玩家也介紹過的小當家海鮮鍋物，2年前吃過永春店覺得超滿意，今天來吃看看民權分店。 小當家海鮮鍋物目前有2間分店 之前都是吃永春站的分店，但6月初因租約到期已結束營業 於是換吃公司附近的民權店，搭乘捷運至中山國小站3號出口 過新生高架橋馬路即可到達，步行約1分鐘 兩層樓的用餐空間，多為2~4人座位區 晚上5點半剛營業我們就到店裡 雙人海鮮拼盤套餐 $990 梅花豬+培根牛+海鮮拼盤22種選10種+雙人蔬菜桶+副餐2份 依照個人喜好從22種選10種，從貝類、蝦類、軟體類到魚應有竟有 喜歡吃魚的，10份都點魚也不問題 總共8隻，一人吃4...,Yahoo奇摩旅遊網友投稿",https://travel.yahoo.com.tw/小當家海鮮鍋物民權店-海鮮拼盤火鍋聚餐-015500183.html
"日本第一人氣鬆餅台北也有，高達15公分的鮮奶油火山塔，免到日本就吃的到！,日本人氣第一的人氣鬆餅「Eggs ‘n Things」來台了！ 在東京表參道大排長龍的人氣鬆餅店，現在不用飛到日本就能品嚐到， 在眾人引頸期盼下，終於在6/26開始試營運。 創立於1974年的「Eggs’ n Things」，為一對居住在夏威夷當地的日本夫妻所開設， 2010年引進日本後人氣扶搖直上，即便有19家分店依舊時常可見到排隊景象。,Yahoo奇摩旅遊編輯部",https://travel.yahoo.com.tw/日本第一人氣鬆餅台北也有，高達15公分的鮮奶油火-015146394.html
"大龍峒美食，巷裡的鍋香氣，免費供應的泡菜，加炒飯多一味,每次只要搜尋大龍峒美食、孔廟美食，「阿仁炒飯」絕對板上有名， 一家看似平凡家常的小餐館，卻擁有很高的人氣跟評價，清一色幾乎都推薦它的炒飯， 如同其店名一樣，炒飯是必吃的品項。 大龍峒、孔廟附近的美食其實不少，像紅茶屋、重慶豆漿炸蛋餅、保安宮油飯、梅滿美食等， 能凝聚如此高的呼聲，想必炒飯有一定的水準。,Yahoo奇摩旅遊編輯部",https://travel.yahoo.com.tw/大龍峒美食，巷裡的鍋香氣，免費供應的泡菜，加-013032734.html
"【新北-瑞芳區】深澳岬角象鼻岩 酋長岩 老船長平價海鮮餐廳,加上對於餐點口味沒有留下特別深刻的印象，所以看看圖就好XD 年紀大一點的長輩及小baby也就不太適合了 地址：新北市瑞芳區深澳路189-5號 電話：02-24969119 營業時間：星期二～星期五11:00-14:00、17:00-20:00 星期五、星期六11:00-15:00、17:00-20:00,Yahoo奇摩旅遊編輯部",https://travel.yahoo.com.tw/【新北-瑞芳區】深澳岬角象鼻岩-酋長岩-老船長平-011124962.html
"新開幕韓式料理，白飯、生菜、韓式小菜無限續加吃到飽,【美食部落客/關關】好吃的韓式料理6月在ATT 4 Fun開幕囉，逛街肚子餓了就可以直接來用餐 而且這間是全天候營業，中午不休息喔。韓品肋排位置在甜點王國的小兔子旁邊 走過來看見帥帥的主廚就是這裡了！！ 35秒影片搶先看 外頭超熱，走得滿頭大汗 一進餐廳立刻先點兩瓶飲料消消暑 讓我發現好可愛的汽水 之前在其他韓式餐廳都沒看過 清涼的氣泡口感中帶著淡淡果香 不會很死甜，兩款都蠻好喝的 西瓜蘇打飲料(左) $70元 / 濟州哈密瓜蘇打(右) $70元 牛肋排套餐 $499元 / +30元升級豬肉大醬鍋 也可以用單點的，但套餐會比較划算！！ 包含主餐/白飯/小菜/生菜/大醬鍋or泡菜鍋/甜米露...,Yahoo奇摩旅遊網友投稿",https://travel.yahoo.com.tw/新開幕韓式料理-白飯-生菜-韓式小菜無限續加吃到飽-174459535.html
"玩具滿坑有沙灘親子同樂好玩的ho'me廚房＆親子餐廳,除了學生族群，有什麼便宜大碗的跟著工程師們就對了，這間內湖附近的Ho'me親子餐廳，就是在地工程師帶我們來的，因為常部門聚餐，最好還是離公司近些比較方便，內湖這裡有個內科園區嘛 給小孩玩的遊戲間，溜滑梯、扮家家酒的廚具，居然有可愛極了的Hello Kitty Ho'me親子廚房的餐點種類好多，想吃飯、吃麵、吃鍋，或是早午餐或是中式餐點都有 我們一人點了一樣 , 剛剛進門時注意到有個炸老大 , 看到炸物還是會忍不住 , Ho'me店員居然說可以叫進來吃他們有配合 , 鹽酥雞可以內用還真棒耶 , 有個舒服的地方吃現炸的鹽酥雞 友人點了個附餐全餐 , +89就...,Yahoo奇摩旅遊網友投稿",https://travel.yahoo.com.tw/玩具滿坑有沙灘親子同樂好玩的ho-apos-me廚房-親子餐廳-154415730.html
"日本最強海鮮丼 東京排隊名店「日本橋海鮮丼つじ半 Tsujihan」捷運市政府站,信義區真是美食的一級戰區，大家期待已久的『つじ半』7/6插旗台北微風信義，不知道大家還記不記得2015年的排隊名店『金子半之助』，當時成功帶起日本天丼風潮後，金御賞又再度帶來日本東京海鮮丼第一品牌『つじ半-Tsujihan』，勢必帶來排隊的人潮 海鮮控準備好，7/6~8開幕前三天，前100名用餐者想套餐""半價""超值優惠，趕快來排隊吧 店內設計請來京都建築美學設計大師""安原三郎""為品牌設計最強空間，門口的玄武岩、晒竹、珪藻土，斥資4千萬打造一個出豪華自然的日式美學 『つじ半』在日本的店都只有板前區，來台灣的門市才有客席桌區，為了讓大家有舒適的環境，連座椅都有...,Yahoo奇摩旅遊網友投稿",https://travel.yahoo.com.tw/日本最強海鮮丼-東京排隊名店-日本橋海鮮丼-半-tsujihan-100828967.html
"草莓是我的真愛，但夏天我就出軌了！2018夏日芒果冰特輯,【葉癮評饗 / 里夫】進入七月，也正式進入夏季，每年夏天一定要吃的就是芒果冰啊！！這幾年隨著IG的火紅，連芒果冰也漸漸進化成浮誇芒果冰！XDAqua Kiss 水吻(瑞安店) 即使『Aqua Kiss 水吻(瑞安店)』的超級水果之星超浮誇，但我的最愛還是芒果冰啊！杏玥冰坊冰山ICE Mountain 『冰山ICE Mountain』從去年就開始在IG上火紅，口感與視覺兼具的芒果冰讓『冰山ICE Mountain』能在一片IG一次店中殺出重圍！芒果皇帝剉冰女王冰點屋,Yahoo奇摩旅遊網友投稿",https://travel.yahoo.com.tw/草莓是我的真愛-但夏天我就出軌了-2018夏日芒果冰特輯-235658897.html
"文青風帶點可愛元素風箏人咖啡,風箏人咖啡 （Kite People Cafe） 店址: 台北市文山區景豐街48巷1號 電話: 02-86631107 營業時間: AM09:30~PM21:00(周一-周五) AM08:00~PM21:00(周六) AM08:00~PM17:00(周日),Yahoo奇摩旅遊網友投稿",https://travel.yahoo.com.tw/文青風帶點可愛元素風箏人咖啡-122135752.html
"超人氣韓國平價食堂料理～馬鈴薯豬骨湯、韓式炸醬麵,【葉癮評饗 / 里夫】對於韓式美食，我過往的分享不算多，許多韓食的概念大都來自於韓劇，尤其是『一起吃飯吧』。所以每次分享韓式美食，幾乎都靠友人的口袋名單。 坦白說這天原本的目標不是『東輝韓食館』，但原本的目標意外沒開， 幸好友人腦袋臨時想出這家店，不然快餓死啦XD 炸醬麵 先前在韓劇《繼承者們》看崔英道狂吃這黑色炸醬麵，我一直很好奇韓式炸醬麵吃起來到底怎樣味道，還因此先去買了泡麵『Paldo 御膳炸醬麵』來解饞。 『東輝韓食館』的炸醬麵麵體口感非常好，醬料口味上還真的泡麵有7、8分像， 跟台灣炸醬麵吃起來完全是兩回事，醬汁完全吸附在麵條...,Yahoo奇摩旅遊網友投稿",https://travel.yahoo.com.tw/超人氣韓國平價食堂料理-馬鈴薯豬骨湯-韓式炸醬麵-091029705.html
"晶湯匙泰式主題餐廳京站店，道地泰式料理，多人合菜推薦,平日晚上7點到店，門口排了滿滿的候位人潮 用餐空間多為4人方桌及多人圓桌 於2001年創立了晶湯匙泰式主題餐廳，經歷市場淬煉 2010年成立了銀湯匙泰式火鍋、2014年再推出小湯匙越式料理 蝦醬空心菜 $190 月亮蝦餅 $360 當日現作春捲皮包裹100%新鮮蝦泥 海鮮鳳梨炒飯 $380 黃金咖哩雞 $380 椒鹽松阪豬 $340 清蒸檸檬鱸魚 $480,Yahoo奇摩旅遊網友投稿",https://travel.yahoo.com.tw/晶湯匙泰式主題餐廳京站店-道地泰式料理-多人合菜推薦-082058301.html
"不推不行！走過路過別錯過「奧地利小麵包兒」店家手工自製麵包，只有親自品嚐過才知道的美味,電話：02-2396-0922︱地址：台北市大安區永康街16-1號 營業時間：8:30~20:30 粉絲團：奧地利小麵包兒 Österreichische Brötchen 奧地利小麵包兒使用來自維也納的Julius Meinl咖啡(小紅帽咖啡) 現場有販售Julius Mein咖啡豆和杯具 再品嚐一口Julius Mein奧地利第一品牌的咖啡 電話：02-2396-0922︱地址：台北市大安區永康街16-1號 營業時間：8:30~20:30 粉絲團：奧地利小麵包兒 Österreichische Brötchen ● 文章皆為個人心得真誠分享，但僅供參考不要太認真。若為邀約文會特別註明，請安心服用...,Yahoo奇摩旅遊網友投稿",https://travel.yahoo.com.tw/不推不行-走過路過別錯過-奧地利小麵包兒-店家手工自製麵包-只有親自品嚐過才知道的美味-030145631.html
"日本迴轉壽司來台，台灣首店，日本師傅現場握壽司，一秒到日本的錯覺,合點壽司可透過APP「E排客」線上抽取號碼牌，但因試營運期間人潮過多， 所以暫不開放APP取號，只接受現場取號，過號需重新取號碼牌。 有40元、60元、80元、98元、128元、158元、188元還有超值價， 價位分的很廣，大部份吃的都是60元起跳的壽司，吃下來不便宜。 開店紀念五貫壽司，NT. 炙燒牛肉，NT. 炙燒牛肉海膽，NT.,Yahoo奇摩旅遊網友投稿",https://travel.yahoo.com.tw/日本迴轉壽司來台-台灣首店-日本師傅現場握壽司-秒到日本的錯覺-001651720.html
"怎麼回事！？小小麵店卻藝人雲集！,【葉癮評饗 / 里夫】早幾年我介紹過東湖的雞魯飯英瑛美代子，算是東湖宵夜熱門店家，對面的阿堂蚵仔麵線雖然開很晚，但也只到半夜12點。(這麼多年我還是沒吃過阿堂的麵線XD 而今天介紹這間『廣東紅燒牛肉麵』，也是東湖凌晨消夜的小麵店， 每次經過都看店外桌子有人吃著消夜配小菜，說實在看起來並不特別， 直到去年冬天某次我外帶了湯回家，發現真的挺不賴的， 而內用後更訝異，竟然不少大咖藝人都是店裡的座上賓！ 『廣東紅燒牛肉麵』的內用入口其實很不明顯，加上外頭騎樓有一桌時常有人在吃麵， 我曾好幾年都一直以為沒有內用空間，搞半天是我誤會了XD 除了...,Yahoo奇摩旅遊網友投稿",https://travel.yahoo.com.tw/怎麼回事-小小麵店卻藝人雲集-173124567.html
"【台北 燒烤居酒屋】烤干貝、烤龍蝦不稀奇，沒想到...海膽竟然可以這麼好吃啊嚇到我了！,［旅遊部落客/ annielin的玩樂兜兜］ 這次要分享的這間燒烤店的客滿程度..著實有讓我受驚了這樣xd。還記得用餐當天拉開店門的那瞬間，店內爆滿的程度只能說有點恐怖來形容！,Yahoo奇摩旅遊網友投稿",https://travel.yahoo.com.tw/台北-燒烤居酒屋-烤干貝-烤龍蝦不稀奇-沒想到-151631779.html
"品盛悅素軒精緻創意蔬食吃得飽又巧,紫米飯Q香，但吃了前面這麼多道菜，飯就吃不多了 店址: 台北市中山區南京東路二段206號2樓-1 電話: 02-25021718 營業時間: AM11:30~PM14:30(午餐) PM14:30~ PM17:00(下午茶) PM17:30~ AM21:30(晚餐),Yahoo奇摩旅遊網友投稿",https://travel.yahoo.com.tw/品盛悅素軒精緻創意蔬食吃得飽又巧-150512746.html
"日本吹來的涼風～吃一碗日式刨冰,不像傳統台灣刨冰滿滿料，日式清爽刨冰入口即化，柔軟又消暑 從北到南吹起日本刨冰風， 疊高高的剉冰搭配水果， 或是淋上天然原料製成的淋醬， 清爽沒負擔，今夏吃冰首選！ 1.台北＊朝日夫婦 位在淡水河邊，邊看落日邊享用一碗沖繩味的水果刨冰 2.台北＊九州純冰 晶瑩剔透的冰磚直接九州直送台灣，海外一號店原汁原味的日本刨冰 3.台北＊金雞母甜品 4.台北＊好想吃冰 專賣日式甜點和刨冰，4種淋醬的彩虹刨冰，一次可吃到不同的風味 5.三重＊參好 淡淡粉紅的西瓜刨冰，搭配西瓜淋醬、新鮮西瓜，夏天吃最清爽 6.板橋＊点·氷室ジャビン 藏在寧靜住宅區中的日式冰店...,Yahoo奇摩旅遊編輯部",https://travel.yahoo.com.tw/video/日本吹來的涼風-吃-碗日式刨冰-141959887.html
"【台北市】咖哩爭霸戰－台日交流／花家食堂／原味咖哩屋／家咖哩～精選美味咖哩餐廳懶人包,這次受Taipei Walker咖哩爭霸戰活動邀約， 邦查綠咖哩豬 NT$268 好奇心使然，我加了90元升級套餐，有5選2的配餐可空挑選， 營業時間：11：45∼14：30(LO14：00)、17：00∼21：00(LO20：30)； 六日11：30∼21：00(LO20：30) 電話：(02) 2764-5830 地址：台北市信義區忠孝東路四段553巷46弄4號 電話：(02)2709-0058 地址：台北市大安區安和路一段127巷29弄13號 查詢更多分店：https://www.jiacurry.com/ 台日交流 Art Cafe&Bar U&me 漢堡排咖哩飯+歐姆+蔬菜 NT$220 如沒有預算限制，建議可以再另外加40元， 台日交流 Art Cafe...,Yahoo奇摩旅遊網友投稿",https://travel.yahoo.com.tw/台北市-咖哩爭霸戰-台日交流-花家食堂-原味咖哩屋-075839761.html
"【台北】飽含著平原美景與藝術的靈魂～藝大咖啡館 × 台北藝術大學,外車也可以開進校內，需收停車費，(汽車$20/hr，機車$10/次) 我們繞了1.2圈得以才找到一個位子。 目前(7月)應該已轉變為一片綠意盎然的景象。 尚有提供輕食、甜點、早午餐(08:00~11:00)與簡餐(11:00~19:30)， ♥櫻桃起司蛋糕 $80 ♥巧克力起司蛋糕 $80 ♥榛果拿鐵 $110 ♥原味拿鐵(冰) $100 欣賞沿途的人文風景，重溫青春的美好。(順便假裝自己還是大學生XD) 開館時間為: 週二至週日 10:00~17:00(最後入館:16:30)，週一休館。 整棟建築共有5層樓，外加一層地下室，分為9個展廳， 美術館的2樓還有另一間「爐鍋咖啡」，看起來也不錯~ 自爐鍋咖啡的側門可以走到2樓的戶外露臺， 電話: (02) 2896-1292 營業時間...,Yahoo奇摩旅遊網友投稿",https://travel.yahoo.com.tw/台北-飽含著平原美景與藝術的靈魂-藝大咖啡館-台北藝術大學-055043827.html
"【台北】延續 記憶中的美好滋味，遇上創新巧思的火花～鉋点冰品,運用傳統的鉋刀工具結合，許多人記憶中的叭噗冰淇淋賦予了傳統美食新的創意，也讓工藝技術更精緻化的呈現。午餐後來嘗鮮~鉋点的叭噗冰捲餅，我們三個人正好可以嚐嚐menu上的各種口味 雖然menu上條列了幾項餐點 都有鉋点的品牌logo Logo上應該就是鉋点冰品的主角~~鉋刀,Yahoo奇摩旅遊網友投稿",https://travel.yahoo.com.tw/台北-延續-記憶中的美好滋味-遇上創新巧思的火花-鉋点冰品-011330338.html
"來自日本福岡的牛排店，白飯熱湯無限供應吃到飽，還想吃分熟自己煎,光是六月下半一次就進駐了三家日本來台美食！其中有兩家就坐落在微風松高內，一家是位於一樓的「Eggs ‘n Things」，另一家就是位在B2的「AURORA STEAK」。 「AURORA STEAK」來自日本福岡的人氣牛排， 店內用餐還有白飯、湯品更無限量供應吃到飽，要挑戰最高CP值的牛排店！ 牛排最便宜只要290元起，絕大多數的餐點都是牛， 這是特別請日本街頭插畫家Dolly現場作畫的傑作。 High Ball(NT. 蘋果汁(NT. 用開水稀釋了很多很多還是偏甜…，點一杯馬上瞬間變成2.5杯。 露水雞排套餐，200g...,Yahoo奇摩旅遊網友投稿",https://travel.yahoo.com.tw/來自日本福岡的牛排店-白飯熱湯無限供應吃到飽-還想吃分熟自己煎-002152971.html
"台北內湖【帝一 帝王蟹海鮮 黑毛牛 伊比利豬 頂級燒烤吃到飽】高檔海鮮CP值特高，值得推薦！,愛吃燒烤的小乖媽一聽朋友說內湖有間帝王蟹吃到飽超讚，二話不說就立馬訂位，然後趁著放風日跟妃妃媽一起共渡美好的午餐約會XD 地址：台北市內湖區內湖路一段210號 (西湖捷運站，2號出口，約行走5分鐘) 預約電話：02-26272989 營業時間：11:00~15:00；17:00~24:00 吃到飽：大人：$1550／小孩：$600 套餐：$1180 (可共餐+100) 以上價格皆需加10%服務費用 帝一付款方式有付現及刷卡二擇一，付現的話有現金折扣價，非常划算唷！($1630已含一成服務費) 這是雙人的座位，感覺就像是一個小包廂，還有專人燒烤服務，很適合情侶、夫妻來過節呀XD ▼小乖媽這杯是可爾必思!! 冰冰涼涼的搭配燒烤很過癮...,Yahoo奇摩旅遊網友投稿",https://travel.yahoo.com.tw/台北內湖-帝-帝王蟹海鮮-黑毛牛-伊比利豬-175234008.html
"成功就是堅持再堅持，而夏天吃芒果冰就是我的堅持！,葉癮評饗 / 里夫】如果說草莓是冬天的味道，那夏天的味道就是芒果吧。今天介紹這間『Aqua Kiss 水吻瑞安店』其實台北許多人應該聽過，目前搬遷到大安區瑞安街上，離大安森林公園，北市圖書館總館很近，想打卡曬IG的朋友，一定要往下看看好吃又浮誇的水果冰！ 『Aqua Kiss 水吻瑞安店』菜單價位(2018.06) 『水吻瑞安店』以冰品、飲料為主，但真想吃點熱食也提供披薩、炸物等，這幾天熱到見鬼，大推一定要來一盆冰.... 超級水果之星 現在大家都走浮誇風格，沒辦法，不浮誇就上不了IG版面， 『水吻瑞安店』的水果冰，不只以各種水果精心配色...,Yahoo奇摩旅遊網友投稿",https://travel.yahoo.com.tw/成功就是堅持再堅持-而夏天吃芒果冰就是我的堅持-164215759.html
"忠孝敦化有梗冰菓室，免費入場還請你吃冰看冷笑話,【旅遊部落客/關關】炎炎夏日～除了嘴巴吃冰淇淋，眼睛也好想消暑一下！最近發現有梗冰果室這個有趣的展覽，剛好回台北就跑來參觀看看！ 這是一個免費的展覽 但期間限定只有三個月 黃色門面看起來顯眼又可愛 不說我還以為是新開的冰店呢 經過的路人也都忍不住探頭往內瞧，這間到底是在幹嘛的 XDD 門口有一根被咬了兩口的冰棒 因為少了兩口，一直被大家笑腦殘 後來把KOKO數位銀行的LOGO當成頭上的蝴蝶結使用，從此有了美好人生 看到門口的文案也好有趣 讓人覺得再不進去，會有一種過意不去的感覺(笑~) 而且裡面真的也不大 一根冰棒的時間逛完是差不多的...,Yahoo奇摩旅遊網友投稿",https://travel.yahoo.com.tw/忠孝敦化有梗冰菓室-免費入場還請你吃冰看冷笑話-164135938.html
"高人氣居酒屋神樂屋日本料理店食材鮮氣氛佳適合小酌,有高桌也有榻榻米的坐位 , 這裡的榻榻米底層讓腳可以延伸 , 這樣吃飯起來會比較舒適 , 有些沒有這樣設計的實在很難久坐 午餐有定食料理 , 但晚餐則以單點類為主 , 感覺滿高級的神樂屋午餐的定食類售價其實不會太嚇人 , 但我們今天要用的是晚餐 炸牛蒡手卷 - 現炸的牛蒡絲好酥香 , 這一定要在端上桌立馬吃 , 放久了包裹的海苔可就不脆了 , 蘋果甜與牛蒡很搭佐以些許的美乃滋 , 手捲就讓人讚不絕口 特上生魚片 - 魚肉厚度剛好 , 不會過薄 , 魚種也豐富 , 天使蝦好甜 , 鮭魚的油脂香氣足夠 , 鯛魚也選用油脂豐富的部位吃在嘴裡有香氣 , 這盤足夠兩人分食 烤菲力牛排 - 表層熱熟中心軟嫩的牛肉，雖然...,Yahoo奇摩旅遊網友投稿",https://travel.yahoo.com.tw/高人氣居酒屋神樂屋日本料理店食材鮮氣氛佳適合小酌-150234003.html
"微風台北車站的排隊人氣拉麵美食！,一風堂拉麵位在微風台北車站美食街2樓 是微風台北車站的排隊人氣美食 同層還有大心、點點心、池記、金子半之助、銀座杏子日式豬排、貳樓餐廳 等美食餐廳 推薦像我一樣常常一個人去微風台北車站用餐的人 一風堂拉麵有單人超值加購套餐組合可以選擇 一風堂成立於 1985 年 發源自博多 台灣目前有八家分店(台北有三家) 其中微風台北車站店的座位數還算多 有單人吧檯座我覺得很貼心 一風堂 菜單 一風堂拉麵選擇性滿多的 我本來想點每日限量的烤和牛丼但售完了 看到有單人超值加購套餐 五款拉麵+經典料理三選一+飲料或甜點二選一 這樣是加價99元 一風堂現在有推出活動 憑高鐵票根可以免費換取...,Yahoo奇摩旅遊編輯部",https://travel.yahoo.com.tw/微風台北車站美食一風堂拉麵憑高鐵票根送80元商-104937168.html
"日本第一人氣鬆餅登台，高達15公分的鮮奶油火山塔，免到日本就吃的到,日本人氣第一的人氣鬆餅「Eggs 'n Things」來台了！在東京表參道大排長龍的人氣鬆餅店，現在不用飛到日本就能品嚐到，在眾人引頸期盼下，終於在6/26開始試營運。 創立於1974年的「Eggs’ n Things」，為一對居住在夏威夷當地的日本夫妻所開設， 2010年引進日本後人氣扶搖直上，即便有19家分店依舊時常可見到排隊景象。 營業時間從早上9點就開始，假日大概八點多到就可以搶到第一輪， 憑Egg's n Things可折抵停車費，最高三小時。 自家製鬆餅三明治(含飲料)，NT. 烤火腿相當大一片，很juicy且有一定的厚度，給的很大方， 經典法式吐司...,Yahoo奇摩旅遊網友投稿",https://travel.yahoo.com.tw/日本第-人氣鬆餅登台-高達15公分的鮮奶油火山塔-免到日本就吃的到-001826625.html
"台北。蔦屋書店TSUTAYA BOOKSTORE松山店/WIRED TOKYO,以世界最美書店蔦屋書店打響名號的 TSUTAYA 與潤泰集團聯手打造的「TSUTAYA BOOKSTORE」松山站前店位在 CITY LINK 松山貳號店 近捷運松山站四號出口 二樓的WIRED TOKYO餐廳目前有推出午間套餐CP值很高 文章裡有附完整菜單!! TSUTAYA BOOKSTORE 松山站前店的位置很方便 就在捷運松山站4號出口右轉的CITY LINK 松山貳號店 CITY LINK 松山貳號店的一樓是TSUTAYA BOOKSTORE 二樓是來自日本的WIRED TOKYO餐廳 戶外座位區為寵物友善空間...,Yahoo奇摩旅遊編輯部",https://travel.yahoo.com.tw/台北。蔦屋書店tsutaya-bookstore松山店wired-tokyo-172904294.html
"暌違五年的霹靂布袋戲展覽又來嚕！！台北霹靂藝術科幻特展 - 三十還真,嗯~~趁著展覽開放民眾參觀前， 自己還來看了兩回。 透過環景的影像開啟序幕， 出現了有素還真、一頁書還有葉小釵的影片， 最後所有的光影聚集到了大型白色浮雕的木偶臉上， 投射出許多經典的畫面， 嗯~~這變臉，變得精彩； 透過這樣精采的聲光秀， 引領大家進入了霹靂布袋戲的科幻世界。,Yahoo奇摩旅遊編輯部",https://travel.yahoo.com.tw/暌違五年的霹靂布袋戲展覽又來嚕！！台北霹靂藝-172324175.html
"【鶯歌】超偏僻的文青貨櫃屋麵線，大腸小卷落一碗，讓你大小通吃,50 四食五Good Food大小通吃麵線貨櫃屋 電話：0905-537-420 地址：新北市鶯歌區鳳七路與鶯桃路668巷交叉口(第二間貨櫃屋) 營業時間：07:30~13:30;15:30~17-30 (二到五) / 07:30~17:00 (六) 文章出自：Irene,Yahoo奇摩旅遊編輯部",https://travel.yahoo.com.tw/【鶯歌】超偏僻的文青貨櫃屋麵線，大腸小卷落一-171813208.html
"Mr.jardeng 找餐先生精緻排餐早午餐 裝有法式料理主廚魂,底層Oreo餅乾，優格香和酸，蔾麥等好幾種食材組合而成，吃起來層次豐富，不光好看也好吃 除了蝦，還有大顆的生食級的干貝Q彈好吃，麵本身的蝦味真的濃郁，主廚說這可是使用龍蝦殼花了約七八個小時熬煮製成的醬料，這道真的鮮味十足，跳脫一般常見的調味，喜歡海鮮的可以試試 歐洲水果茶 - 使用B&G的有機花茶，偏重藍莓酸甜滋味，順口回甘，配蛋糕很剛好 Mr.jardeng找餐先生 店址: 220新北市板橋區廣和街70號 電話: 02-289531855 營業時間: AM09:00~PM22:00,Yahoo奇摩旅遊網友投稿",https://travel.yahoo.com.tw/mr-jardeng-找餐先生精緻排餐早午餐-裝有法式料理主廚魂-123838170.html
"澳洲風情餐酒館，義大利麵、肉派都美味,葉癮評饗 / 里夫】這天朋友心血來潮想吃義大利麵，想來想去一時也沒啥想法，原本想再去『日光大道-富錦廚坊』吃龍蝦麵(是說最近龍蝦好夯，龍蝦堡好多店賣.... XD 但考量交通方便性，最後就決定來『Woolloomooloo(信義店)』。 清炒甜椒草蝦義大利麵 清炒是義大利麵一種重要的烹調方式，因為少了""醬""，能否入味全仰賴爆香的動作。 簡單的說，我如果對於一家店沒有相當的信心，我不會點清炒的口味XD 基於先前對『Woolloomooloo富錦店』的好印象，這次我直接點了清炒，果然沒讓我失望。 口味不重，但該有的香氣、食材的新鮮度都相當不錯，草蝦的個頭...,Yahoo奇摩旅遊網友投稿",https://travel.yahoo.com.tw/澳洲風情餐酒館-義大利麵-肉派都美味-085139690.html
"烈焰烤爐中誕生的胡椒餅，堪稱米其林的遺憾,『老張炭烤燒餅店』菜單價位(2018.06) 這邊其實賣得不止胡椒餅，有胡椒餅、小酥餅，早年還有三角餅現已停售。 以前各種餅是分不同時段賣，但目前爐子、人手都已增加，目前都全天正常供應！ 雖然我最喜歡的是胡椒餅，但其他餅也不錯， 通常我都直接到現場，不管看到有啥，買就對了！ 紅豆小酥餅 個頭較小，紅豆餡不甜膩，1~2口一個剛剛好！ 糖膏小酥餅 說真心話，若單純以這類糖膏甜燒餅來說， 在我心中『老張炭烤燒餅店』排得不算前面，我心中第一還是彰化北平香酥燒餅， 而即使大台北，阜杭豆漿甜燒餅表現也更優秀， 但也不是說『老張炭烤燒餅店』的糖膏小酥餅表現不好， 內餡糖膏...,Yahoo奇摩旅遊網友投稿",https://travel.yahoo.com.tw/烈焰烤爐中誕生的胡椒餅-堪稱米其林的遺憾-174828310.html
"台北人的早午餐！萬華人私藏的廣州街梧州街無名牛腩湯．排骨湯,夜晚的艋舺夜市繁弦急管、車水馬龍，除了晚上很熱鬧外，一早其實有好幾家賣早餐的攤販， 是許多萬華老一輩在地人以及計程車司機們覓食的口袋美食。 今天介紹的這攤位於廣州街、梧州街交叉口的「無名牛腩湯．排骨湯」， 就是其中之一，才八點不到就已坐滿九成，看來都是熟門熟路的在地老饕。,Yahoo奇摩旅遊編輯部",https://travel.yahoo.com.tw/台北人的早午餐！萬華人私藏的廣州街梧州街無名-141521890.html
"婧火鍋滿滿金鑽蝦蠔蚌蚌組合不管痛風先吃再說,婧火鍋在中山區開了第二家店，之前吃過覺得不錯，在台北市更近便約了朋友一起來吃！一樣推出了好幾種主題鍋，上次那肉盤吃到撐，婧shabu蟹天蟹地蠔邁鍋威翻天，今天試試以海鮮蝦子為主的蠔蚌蚌兩人組。 婧Shabu建國店 電話 : 02-25072111 營業時間 : AM11:30~PM14:30 PM17:00~PM23:00,Yahoo奇摩旅遊網友投稿",https://travel.yahoo.com.tw/婧火鍋滿滿金鑽蝦蠔蚌蚌組合不管痛風先吃再說-135752785.html
"【蘆洲】綠豆蒜專賣店，隱藏黃昏市場內的高質感涼品店．人算不如綠豆蒜,75 如果凍般的桂花蒟蒻，隱約可見桂花的蹤影，Q軟的瞬間瓦解，釋出雅緻的桂花香氣， 圓滾滾的芋圓、地瓜圓口感不錯，紮實Q彈，不過品質不一，有幾顆偏硬有些又煮的剛剛好。 帶有咖啡香氣的咖啡QQ，咀嚼間真的感受的到其咖啡香，是大人的味道。 人算不如綠豆蒜 電話：0912-002-668 地址：新北市蘆洲區長安街108巷26號 營業時間：13:30～賣完就收 文章出自：Irene,Yahoo奇摩旅遊編輯部",https://travel.yahoo.com.tw/【蘆洲】綠豆蒜專賣店，隱藏黃昏市場內的高質感-112331277.html
"茹絲葵 Ruth's Chris Steak House～傳說中的美味，我們終於相遇,不知道大家端午節連續假期是怎麼過的，對於一個台北人來說，沒有安排出城去玩，也沒鄉可返，就只能在吃吃喝喝中渡過，隊友說要帶我去吃私廚，神秘兮兮的還問我敢不敢吃珍奇異獸，我堅決的說不不不，那太驚人了我不敢，到了目的地，呃 ～ 這不是『茹絲葵』嗎？哀 ～ L號小姐被唬得一愣一愣，就牛肉啊 ～ 哪來的珍奇異獸！！！ 不過話說回來，呵呵.... 這是L號小姐第一次吃『茹絲葵』， 一整個輸給近期吃過的A CUT，覺得很乾麵包沒彈性，不過賣點在打發的奶油， 帶骨肋眼牛排 22ounce L號小姐與隊友相望，呃 ～ 是不是吃太快了，真是沒情調的兩個人...,Yahoo奇摩旅遊網友投稿",https://travel.yahoo.com.tw/茹絲葵-ruth-apos-chris-steak-061648179.html
"蘆洲線型公園共融式兒童遊戲場,二月份的某個假日騎機車到五股三重晃晃 回土城的路上突然想到蘆洲線型公園的兒童遊戲場 時間還早，打算讓小孩玩一下再回去 大排旁邊有機車格，機車好停 兒童遊戲場位置靠近成蘆抽水站這邊 大排的異味一陣一陣的，風大的時候很明顯 現在高溫炎熱不曉得味道會不會更令人難受,Yahoo奇摩旅遊編輯部",https://travel.yahoo.com.tw/蘆洲線型公園共融式兒童遊戲場-091924313.html
"【新北中和區】中和親子新景點「員山公園」遊逸之丘大型兒童遊戲場,中和員山公園兒童遊戲場在6月26日正式啟用 來了才發現範圍比想像中大很多，公園內地勢高低起伏，鋪面顏色亮麗活潑有朝氣 車子彎進員山路455巷之後左轉，沿著小路上來 最裡面有收費停車場，路旁有機車格，因為位置不多 大家都停的很擠，我的車子也因此差點牽不出來 被移的跟左右兩台緊密的黏在一起，進退兩難,Yahoo奇摩旅遊編輯部",https://travel.yahoo.com.tw/【新北中和區】中和親子新景點「員山公園」遊逸-091535996.html
"台北知名人氣早午餐！豐盛餐點選擇性豐富,貳樓餐廳 Second Floor Cafe位在微風台北車站美食街2樓 是微風台北車站的排隊人氣美食 同層還有大心、點點心、池記、金子半之助、銀座杏子日式豬排等美食餐廳 貳樓餐廳微風北車店可以從台北車站的南二門或西三門進來的手扶梯上2樓 因為貳樓餐廳幾乎到用餐時間都要排隊 所以建議大家可以先利用網路訂位或電話訂位比較方便 貳樓餐廳的用餐時間為二小時 每人低消為90元 座位數其實滿多的 大多都是朋友聚餐為主 貳樓餐廳 Second Floor Cafe 完整菜單 經典班尼蛋-骰子牛 $390 明日葉看起來也太健康 通常我只會點可樂之類的XD 班尼克蛋...,Yahoo奇摩旅遊編輯部",https://travel.yahoo.com.tw/台北知名人氣早午餐！豐盛餐點選擇性豐富-085544742.html
"韓義式咖啡餐廳。網美新愛店！韓式義式碰撞出新奇美味餐點～不限時咖啡廳,p>近期吃到最好拍最美味的餐廳絕對是這家La Crescenta 月亮仙人掌．韓義式咖啡餐廳， 從韓國開來台灣的La Crescenta 月亮仙人掌，分別在韓國永登浦、大邱與弘大有三家店,Yahoo奇摩旅遊編輯部",https://travel.yahoo.com.tw/韓義式咖啡餐廳。網美新愛店！韓式義式碰撞出新-030404947.html
"炎炎夏日適合溜小孩的親子景點，免費水池戲水區/沙坑戲沙區．鶯歌陶瓷博物館 ！,陶瓷博物館的停車費一次60元，如果停滿可以改停附近私有的停車場，單次80元， 入口處的「小陶窩」，是一處室內的遊戯區，一大一小只要50元就可進入遊玩， 開放日期：6/1(五)~9/30(六)。 開放時間：09：30~17：00(平日)/09：30~18：00(假日) 7/2-7/3、8/6-8/7、9/4-9/5水池清洗消毒日，不對外開放 鶯歌陶瓷博物館 官網：http://www.ceramics.ntpc.gov.tw/ 電話:02-8677-2727 地址:新北市鶯歌區文化路200號 文章出處：Irene’s 食旅．時旅,Yahoo奇摩旅遊編輯部",https://travel.yahoo.com.tw/炎炎夏日適合溜小孩的親子景點，免費水池戲水區-162944805.html
"台北華山，蛋頭先生期間限定店，免費參觀，巨大娃娃機，超可愛蛋頭先生公仔鑰匙！,這天來華山1914，發覺這裡的人潮還不少，充滿文創的地方， 『蛋頭先生 期間限定店』展出時間2018/6/15~2018/9/9 每日11:00~19:00 ，免費入場參觀，在華山文創園區中7A館。 這個看別人PO好像很好玩，有機會可以購票進去看看耶。 這個展超小，一下就看完了，這個展期比較短到2018/7/10， 可愛的蛋頭先生公仔鑰匙，一隻是$180， 四款一組售價$880，這個要現場預購喔。 蛋頭夫婦2入馬克杯$1100，,Yahoo奇摩旅遊網友投稿",https://travel.yahoo.com.tw/台北華山-蛋頭先生期間限定店-免費參觀-巨大娃娃機-超可愛蛋頭先生公仔鑰匙-144410847.html
"Royal Host 南港園區樂雅樂家庭餐廳冬季浪漫獻禮草莓季,來南港這看展結束後要覓食，現在越來越多展都從信義世貿轉移到南港展覽館這了，朋友的雷達找到了這間超大間樂雅樂，之前在松江南京那也看過樂雅樂，好幾年前了，每次中午用餐時間都看到滿多人的,Yahoo奇摩旅遊網友投稿",https://travel.yahoo.com.tw/royal-host-南港園區樂雅樂家庭餐廳冬季浪漫獻禮草莓季-144235873.html
"【台北大安】鴨皇閣 D'Palace－東區正宗星馬桌菜料理「櫻桃鴨」，好吃道地美味料理,【食旅作家／鄭小柔】今天帶大家來新開幕的正宗星馬料理餐廳吃美食！「鴨皇閣 D'Palace」位在台北市大安區忠孝東路四段235號2樓，介於台北捷運國父紀念館與忠孝敦化站之間，從忠孝敦化站2號出口，步行約3分鐘左右，即可抵達。 鴨皇閣 D'Palace是由三位新加坡人代理，進而引進台灣， 在馬來西亞，此品牌是擁有30年歷史的老店，最知名的是當歸烤鴨哦～ 用餐環境優雅舒適，位置頗多，亦有提供包廂區，最多可容納約32人， 鴨皇閣 D'Palace白天是一般的餐廳，夜晚搖身變成熱鬧的小酒吧！ 說鴨皇閣 D'Palace是配備齊全的親子...,Yahoo奇摩旅遊網友投稿",https://travel.yahoo.com.tw/台北大安-鴨皇閣-d-apos-palace-120312627.html
"玩樂轉戰室內不怕中暑！看展覽躲豔陽～5個超好拍的IG爆紅展覽,最近的太陽火辣到無法在戶外走太久，但是玩心未眠怎麼辦？不如跟著Yahoo小編，帶著相機去看展覽吧！打包從北到南5大最好拍的爆紅展覽，走進室內～避開豔陽！盡情拍照上傳炫耀吧～,Yahoo奇摩旅遊編輯部",https://travel.yahoo.com.tw/玩樂轉戰室內不怕中暑！看展覽躲豔陽～5個超好拍-114445052.html
"好吃又好拍！信義商圈ATT4FUN韓式料理 火焰炒年糕專賣店 魷魚大叔UNCLES～招牌超大魷魚：花都開好了，好融化牽到天邊的起司,這家是姐妹大力推薦的韓式料理-魷魚大叔UNCLES，有蠻多家分店的魷魚大叔~除了餐點美味外，也很好拍照哦。 Ivy這次吃的是位在熱鬧的信義商圈ATT4FUN裡面 一直以為ATT4FUN 4樓都是滿滿的甜點王國， 用餐人數3-4人的可以指定坐這邊哦 ^^ 如果你是起司控.... 拜託千萬要點+100的起司哦~ 香濃的起司牽絲到天邊整個吃起來就只是爽快而己XD 然後這頁step2的配料就是會放在炒年糕鍋上面的超大魷魚-花都開好了 &滿滿的炸蝦-真的蝦爆了都是店裡的必點招牌! 這次用餐只有我跟姐妹2位，胃能容納的份量限有限 火焰起司年糕$390+花都開好了$250 等等拉起來的牽絲...,Yahoo奇摩旅遊網友投稿",https://travel.yahoo.com.tw/好吃又好拍-信義商圈att4fun韓式料理-火焰炒年糕專賣店-魷魚大叔uncles-招牌超大魷魚-085829517.html
"台北燒肉大推！每日限量6份一頭牛套餐、和牛雙人套餐必點,不過只有一間，有需要的朋友記得先預約啊! span>▼桌上已經擺好菜單、餐具，等到定坐定後就會補上醬料與調味料，由左而右依序為海鹽、辣味噌、味噌、醬油、蒜泥，都可以視個人喜愛搭配享用! span>,Yahoo奇摩旅遊編輯部",https://travel.yahoo.com.tw/台北燒肉大推！每日限量6份一頭牛套餐、和牛雙人-062212604.html
"【新北-中和區】莒光路福州乾拌麵,昨晚來中和莒光路23號的福州乾拌麵吃晚餐 綜合丸子湯25元，丸子口味及口感一般 這邊離中和環球購物中心不遠，吃完還可以去逛逛吹吹冷氣XD 地址：新北市中和區莒光路23號 電話：02-32343243 營業時間：11:00-14:00、17:00-21:00,Yahoo奇摩旅遊編輯部",https://travel.yahoo.com.tw/【新北-中和區】莒光路福州乾拌麵-235102101.html
"一位難求、人潮擠滿滿，這家餐廳提供無限量韓式小菜讓你免費吃到飽！,【美食部落客 / 謝蘿莉】飯饌，韓語반찬，意指拌飯的各式小菜，沒錯！這間韓國料理的小菜就是讓你無限吃！假日來訪人潮擠得滿滿滿，生意實在有夠好，主打各式韓國招牌料理，也有專為雙人推出的高CP值套餐，整套吃下來，飽到我們連晚餐都有點吃不下！XD 有一個大亮點一定要跟大家說，就是這邊每張桌子都有專屬的ipad點餐機，就連僅僅是一個人座位的位置，也通通是一人使用一台，那時候看到時立馬跟洪先生說，飯饌真的超級大手筆的！XD 飯饌的小菜是無限量供應，只要吃得下、通通都可以免費無限續，對愛吃韓國小菜的朋友來說，光是這個亮點就夠吸引人的了...,Yahoo奇摩旅遊網友投稿",https://travel.yahoo.com.tw/位難求-人潮擠滿滿-這家餐廳提供無限量韓式小菜讓你免費吃到飽-234755167.html
"邰智源推薦的紅燒小排飯，料好實在！,葉癮評饗 / 里夫】幾年前『康熙來了』偶爾也會有單元是介紹美食，坦白說多數來賓藝人介紹的大都是自己或者朋友的店，大部份我都沒特別興趣。 不過有幾位來賓介紹的，我會比較認真收進口袋名單，比方說美食家胡天蘭、食尚玩家出身的曾子余，以及邰智源。 對啦，就是綜藝圈那個模仿藝人邰智源，不過他對吃這件事完全是個吃貨，甚至多年前也出了本書『邰客好吃』(書我是沒買啦XD 但總之邰哥對於吃，是很有一套自己的看法，他推薦的東西大都不是很浮誇的店， 這天來北投結束工作後，找晚餐就想起附近有這間邰哥推薦的『何晏華牛肉麵』！ 一進門我先看到的是，『即日起，全面...,Yahoo奇摩旅遊網友投稿",https://travel.yahoo.com.tw/邰智源推薦的紅燒小排飯-料好實在-182232584.html
"台北。如夢似幻的法式浪漫花園裡，正上演著美食與夜景交織而成的童話,p>隱藏在台北信義區ATT 4FUN大樓，時髦夜店風泰式餐廳，置身華麗浪漫的花園裡，不只是餐廳，夜晚搖身一變成為閨蜜最愛酒吧！ 說到台北餐廳是一間比一間還要華麗，光是店內裝潢只能用瞠目結舌形容，就像這家Thaï.J-ATT 泰式餐酒館簡直神美， 這次來到台北，在友人推薦下我又有機會到台北信義區Thaï.J-ATT品嘗美食了，上網看了相關資訊，台北店華麗浮誇更勝台中， 不僅僅是泰式料理專賣也結合藝術插花跟調酒，對我這個喜愛微醺又愛賞夜景的輕熟女而言，真的無法抵擋它的魅力。,Yahoo奇摩旅遊編輯部",https://travel.yahoo.com.tw/台北。如夢似幻的法式浪漫花園裡，正上演著美食-135301609.html
"夏日香辣開胃 南洋料理報到,沒食慾的時候，來份酸辣爽口的南洋料理最對味 香料味濃郁，酸甜微辣 炎熱的夏天絕對適合來一份南洋美食 不論叻沙或咖哩，都能滿足挑嘴的胃,Yahoo奇摩旅遊編輯部",https://travel.yahoo.com.tw/video/夏日香辣開胃-南洋料理報到-124330642.html
"15公分高奶油、30秒樓歪的日本第一排隊鬆餅Eggs 'n Things來了！,甜食螞蟻們注意！日本最高人氣的排隊鬆餅──Eggs ‘n Things來台灣啦！Eggs ‘n Things招牌鮮奶油火山鬆餅帶來三大驚喜：1. 跟手機一樣高的15公分鮮奶油山，視覺衝擊超震撼；2. 鮮奶油山吃起來輕盈不甜、不膩，連男生都會愛，讓味蕾超驚喜；3.,Yahoo奇摩旅遊編輯部",https://travel.yahoo.com.tw/15公分高奶油、30秒樓歪的日本第一排隊鬆餅eggs-n-things來-102049207.html
"Q小巷吃碗道地烏龍麵配上一杯美酒外帶微醺回家,真的隱身在巷弄間的Q小巷 Mochi Mochi , 一個轉身很容易就錯過 , 在小巨蛋附近巷子內一個轉角 , 沒有明顯的門面但有點像偶像劇中會出現的某個男女主角相遇懈逅的某一場景 , 不奢華卻可以留下印象 紅茶梅酒 - 一般喝到的都是梅酒本身 , 總說酸甜卻不得我的緣 , 而這紅茶梅酒的茶味回甘甜度剛剛好 , 真的非常適合女生特別是不懂烈酒只想微醺的人 , 據說Q小巷 Mochi Mochi 的由來便是因為這瓶紅茶梅酒 , 去日本玩愛上了這滋味的幾個女孩 , 深怕回台灣後就無法能夠一直品嚐到這美妙滋味 , 幾經波折 , 才得到酒廠的許可 , 才有了紅茶梅酒 , 也才有後面...,Yahoo奇摩旅遊網友投稿",https://travel.yahoo.com.tw/q小巷吃碗道地烏龍麵配上-杯美酒外帶微醺回家-133407145.html
"【板橋】串燒烤功一極棒，濃厚日式氛圍放鬆小酌首選,提到板橋居酒屋推薦名單，絕對少不了板橋老味噌居酒屋，高評價的人氣店，假日尖峰時段一定要訂位啊。 板橋老味噌居酒屋菜單中，眾人讚不絕口的烤物很多，明太子雞肉串、鹽烤大草蝦、香烤中卷、鹽烤松阪豬、 白醬海鮮烏龍麵，波比實際吃完還要再追加焗烤起司地瓜、日式麻糬燒兩個必點推薦給你們，太獨特太美味了！ 濃厚日式氛圍，加上烤功一流的串燒，絕對三五好友聚會、放鬆小酌的首選，物有所值的好店，希望你們會喜歡。,Yahoo奇摩旅遊編輯部",https://travel.yahoo.com.tw/【板橋】串燒烤功一極棒，濃厚日式氛圍放鬆小酌-131827907.html
"浪漫花牆網美必拍！情人約會朋友聚餐都適合的Elfin精靈餐酒館,[美食部落客 / Angela 愛旅行 ] 藏身在台北東區巷弄，鄰近忠孝復興站，想要找美味餐酒館跟朋友聚餐或是情人約會，這家Elfin Restaurant & Lounge 值得推薦。 東區餐酒館 Elfin Restaurant & Lounge 的外觀是如此的低調，門外種植了一些香料植物可以用於料理也可以用在調酒裝飾。 精靈餐酒館已經營業了3年，曾經走過低潮，今年5月重新裝潢出發。現在店內有浪漫的花牆設計，網美女孩兒可以盡情的在IG打卡。店內座位全部都是慵懶的沙發座位，不管是用餐還是喝酒聊天坐起來都很舒適無壓力。特別的是，這裡9點前是明亮...,Yahoo奇摩旅遊網友投稿",https://travel.yahoo.com.tw/浪漫花牆網美必拍-情人約會朋友聚餐都適合的elfin精靈餐酒館-082359958.html
"鐙輝、子余帶你玩台北~天龍國約會啵啵秘境,第一站▶古亭河濱公園 首先來到台北公館商圈，鄰近台大、師大等校區， 隱藏了許多平價美食和老店，連在地人都力推， 不用花大錢就能帶另一半品嚐美味， 吃飽了，到古亭河濱公園散步， 租賃Ubike沿著自來水博物館的方向騎到底， 河岸公園花海繽紛，裝飾各種以婚紗為主題的地景藝術。 Location：台北市中正區水源路（永福橋與中正橋間）(看地圖) 第二站▶紅滿玉赤心雞蛋糕 逛完愛意無限的河濱公園，接著來吃少女心大爆發的愛心雞蛋糕！ 是超浮誇的視覺系古早味點心~讓雞蛋糕不只是雞蛋糕， Q彈口感吃起來跟麻糬一樣，上透烙印專屬字樣， 除了原味、紅茶...,Yahoo奇摩旅遊編輯部",https://travel.yahoo.com.tw/鐙輝、子余帶你玩台北天龍國約會啵啵秘境-062709126.html
"鐙輝＆子余 帶你玩台北 天龍國啵啵秘境！,南港劉德華鐙輝今天要帶大家一探「天龍國最適合約會的秘境」，由師傅帶領著徒弟子余邊吃、邊玩、邊傳授把妹啵啵祕技。原來在台北就有這麼多約會秘境，好玩、好吃又夢幻的浪漫景點，適合小清新而且保證能拉近新關係，快跟著他們一起來一探究竟。 天龍國啵啵秘境到底在哪？又有哪些撩妹美食？快看懶人包,OO帶你玩XX",https://travel.yahoo.com.tw/video/鐙輝-子余-帶你玩台北-天龍國啵啵秘境-051901087.html
"就算再貴，來士林還是忍不住要吃這味！,【葉癮評饗 / 里夫】『好朋友涼麵』算是我收了多年的口袋名單，但平常沒事較少來逛士林夜市，但最近似乎觀光客有略減，平日晚上來逛就還挺不錯的。夜市的東西大多以炸物居多烤物居次，天氣熱其實都沒特別想吃，剛好經過『好朋友涼麵』，就順便來試試看囉。,Yahoo奇摩旅遊網友投稿",https://travel.yahoo.com.tw/就算再貴-來士林還是忍不住要吃這味-022157342.html
"巷弄內的溫馨早午餐店，以健康養生為出發點，特色餐點多到一次吃不完！,現代人的早餐除了習慣吃好吃巧之外，隨著越來越重視還要吃的健康的關係，因此有很多人開始慢慢改變飲食習慣，開始試著少鹽少油與少糖。,Yahoo奇摩旅遊網友投稿",https://travel.yahoo.com.tw/巷弄內的溫馨早午餐店-以健康養生為出發點-特色餐點多到-次吃不完-015508832.html
"黑糖飲料狂賣， 原因直指三個重點！,葉癮評饗 / 里夫】最近外帶手搖飲料中最火的，大概就屬黑糖飲料吧。除了各家手搖飲料品牌跟著推出黑糖飲料，也出了不少黑糖飲料品牌，從較早的珍煮丹，到最近的幸福堂、古龍糖、花惹蜜、花羨沐嵐，各家黑糖飲料分分開打。 其實寫這篇真的有點寫心酸的，因為對一個部落客來說，文章要有人看才有意義。(真現實 『老虎堂Tigersugar』在台北已經開到第四間店，早已過了話題高峰， 而『老虎堂Tigersugar』從台中一路燒到台北，名氣早已大到不需要宣傳。 老實說這篇文與其說是跟大家分享，不如說是寫給自己爽，我終於也是喝過『老虎堂Tigersugar』的人了...,Yahoo奇摩旅遊網友投稿",https://travel.yahoo.com.tw/黑糖飲料狂賣-原因直指三個重點-145418137.html
"【新北-板橋區】石頭肉圓,下午原本要去長安街138巷1弄180號的好客肉圓 石頭肉圓店址在文化路二段410巷11號 皮的口感Q彈，內餡包了大量筍絲，筍絲味道並沒有很強烈 地址：新北市板橋區文化路二段410巷11號 電話：02-22512473 營業時間：12:00-20:30星期日公休,Yahoo奇摩旅遊編輯部",https://travel.yahoo.com.tw/【新北-板橋區】石頭肉圓-144817666.html
"2018植物園荷花盛開，荷花這樣看美炸了，植物園賞荷花趁現在！,之前去完疏洪荷花公園後，想說「台北植物園」的荷花應該也盛開，今天剛好一早來看看，果然開的很炸，植物園之前有來過有寫過一篇植物園松鼠，但今天來都沒看到松鼠耶，還是太早來松鼠在睡覺XD ? 植物園的交通很方便，搭捷運到小南門站，從3號出口出站， 拍攝日期:107.6.18 形成保護色XD。 一早就覺得這裡好熱鬧XD，會有人問一早到底是幾點? 今天來這是八點左右， 地址: 台北市中正區南海路53號 電話 : (02)2303-9978 交通:捷運小南門站三號出口(出站左轉走約5分鐘),Yahoo奇摩旅遊網友投稿",https://travel.yahoo.com.tw/2018植物園荷花盛開-荷花這樣看美炸了-植物園賞荷花趁現在-143005492.html
"CaLACaLA義大利廚房聚餐聚會平價首選吃牛排過聖誕,說實在新店這餐廳還不少，北新路也走了約莫八百遍，但總是錯過CaLACaLA義大利廚房，直到約好要來用餐的這天，才驚覺原來在這個位置啊！ 正是十二月美好且溫馨的時節，打開門超讓人驚訝歡喜，CaLACaLA完全迎接聖誕節的佈置場景，也太歐風了，大聖誕樹和壁爐，雖然沒有火但心頓時都覺得暖了 CaLACaLA義大利廚房有分一樓二樓 , 沿著旋轉樓梯走上樓依舊每處驚喜 , 突然的小麋鹿在轉角處等你 , 彷彿聖誕老人就在你身邊 松露油紙封野菇 - 這盤野菇雖為前菜 , 但份量十足 , 佐以節瓜擺好擺滿的整盤 , 特別剛送上桌趁熱吃真的Juicy甜脆 , 調味也剛好蓋過了...,Yahoo奇摩旅遊網友投稿",https://travel.yahoo.com.tw/calacala義大利廚房聚餐聚會平價首選吃牛排過聖誕-135802295.html
"我看不到飯！！ 超高CP值羊肉蓋滿整碗！,【葉癮評饗 / 里夫】其實這天原本想買碳烤三明治當晚餐，可惜不曉得是不是沒開了，我連碰兩次都打烊的狀態，想起網友推薦這家『肥老闆羊肉羹光華店』，在光華商場一樓，每次經過但很少特別注意，這天非用餐時間座位正好沒人搶，就來碗羊肉蓋飯吧！,Yahoo奇摩旅遊網友投稿",https://travel.yahoo.com.tw/我看不到飯-超高cp值羊肉蓋滿整碗-181019028.html
"Farfalle法法蕾咖啡 手作餐點雜貨 暖心療癒的友善餐廳咖啡廳,入冬後超強冷氣團來襲的日子選擇了在Farfalle法法蕾咖啡渡過晚餐時光，溫馨可愛居家設計處處都有花上心思，天空藍、鵝黃、木質的暖色調最適合美好的十二月 Farfalle法法蕾咖啡是間寵物友善餐廳，店內沒有養寵物，但家中有毛孩子的你們可以帶著寶貝們一起來用餐歐，只要不會打擾到其他客人就好！ 墨魚海鮮扁細麵 - 以前總不明白這黑色的美味，卻看人吃的津津有味，但試過便曉得了，這麵條都是手作的，比起一般吃到的義大利麵偏軟Q但有嚼勁，墨魚醬汁吃的到海鮮味，濃度剛好沾附在麵條上，味道很迷人 提拉米蘇的起司香濃 , 除了每層該有的層次表現 , 帶點...,Yahoo奇摩旅遊網友投稿",https://travel.yahoo.com.tw/farfalle法法蕾咖啡-手作餐點雜貨-暖心療癒的友善餐廳咖啡廳-152602805.html
"【台北市松山】我家小廚房～等啊等啊終於輪到我了，平實的美味會讓人想念,每次晚餐不知道要吃什麽的時候，都會到新東街覓食，在到達目的地之前，騎車必經過延壽街，都不知道走過這裏多少回，卻一直不識這家店『我家小廚房』，直到『必比登推介』名單出爐，無聊的L號小姐拿著筆把吃過的做記號，沒吃過的就好奇多看一下，登愣『我家小廚房』好熟啊.... 不就是常常經過的那一家嗎？ 其它的料理則至現場點，看了MENU好多菜想點，但我們人數單薄，預計就是4樣菜。 L號小姐腦中畫面的糖醋雞，雞肉應該是要炸過，但這道糖醋雞是裸身的雞丁， 味道不重 ~ 總覺得少了點什麼，有點不給力的Fu。 單炒菠菜有點無聊，於是加錢加腐皮，多個...,Yahoo奇摩旅遊網友投稿",https://travel.yahoo.com.tw/台北市松山-我家小廚房-等啊等啊終於輪到我了-平實的美味會讓人想念-084115521.html
"【新北-樹林區】七號冰店,七號冰店地址在復興路34號，路口有一間85度C 巧克力雪花冰一份60 還好滿天星只有灑一些點綴而已XD 七號刨冰一份50元 地址：新北市樹林區復興路34號 電話：0973708551 營業時間：13:00-22:00星期日公休,Yahoo奇摩旅遊編輯部",https://travel.yahoo.com.tw/【新北-樹林區】七號冰店-071542605.html
"食客擠爆小店，飄香50年的超人氣排隊老店也吹熄燈號？！,【美食部落客 / 謝蘿莉】早早耳聞麗珠什錦麵的大名，聽說在萬華這一帶，可是響叮噹的古早味老店。不僅是吃過的同事們大力推薦，連美食家胡天蘭也讚賞有加，可是這間50年老字號的排隊名店竟然也要吹熄燈號，店家近日在店面貼出告示，宣布將在6月底停業，消息一傳出，食客競相走告，人潮從店內排到店外，差點沒把小店擠爆！ 每碟要價50大洋，豬耳朵及四季豆的滋味都不錯，鹹香入味，口味略重，可是相當下飯滴！ 跟什錦湯麵相較，這碗大滷麵整個遜色不少XD，淺嚐了一口它的湯頭，還算甘甜，口感略帶有濃稠的黏膩感。 聽說老店關門原因不是店租，而是生意太好老闆娘做到手...,Yahoo奇摩旅遊網友投稿",https://travel.yahoo.com.tw/食客擠爆小店-飄香50年的超人氣排隊老店也吹熄燈號-151035025.html
"點點心 微風台北車站，IG打卡新人氣王G利起士包、闇黑叉燒包、豬仔流沙包,文/ 女子的休假計劃】五月初趁著佛系下午茶蒸點68折的活動前往了微風信義店(文章←)，這次點點心又推出了許多新菜色「G利起士包、闇黑叉燒包、蟹子墨魚捲.. 視覺顛覆了味覺的想象，也讓剛從香港回來的我們更想念旅行時的美好。 1樓還有好多好多美食很吸引我，不知道是不是錯過了下班時間，有很多店像是徹思叔叔起司蛋糕(文章請點←)就不用排隊， 尤其是台灣→香港715km的距離特別有巧思，結了了香港與台北車站的特色，晚餐時間來也是人氣爆棚幾乎滿座。 這裡有北車限定套餐，價位在$68~168之間，10%服務費另計，吃不完可打包帶回家 ▲利賓納氣泡飲 $98 ▲鮮蝦抄手撈丁 $158 真是讓人...,Yahoo奇摩旅遊網友投稿",https://travel.yahoo.com.tw/點點心-微風台北車站-ig打卡新人氣王g利起士包-闇黑叉燒包-豬仔流沙包-150221525.html
"國父紀念館冷藏肉專門 鍋無敵 光復店寬敞舒適的日式火鍋,一進來鍋無敵 NabeMuteki就覺得跟一般的火鍋店感覺大不同 , 極簡日式的裝潢風格，座位寬敞舒適，每個隔間座位都有大大布幕寫著鍋無敵 , 怎麼比較像燒肉店 , 原來真的有「無敵」日式燒肉系列的餐飲背景 冷藏牛腹肉 - 選用美國choice等級的牛腹肉，油脂多，50%的脂肪量卻吃起來不膩無腥，色澤粉嫩 , 風味香甜滑嫩 , 煮味增鍋滋味挺不賴的 手工鮮蝦漿很推薦 , 光看就看的到完整的蝦子 , 分成三等份去煮 , 煮完當然吃的到蝦子本身 , 蝦漿很Q彈 , 調味相當好吃 店內滿多以6-10人掛廉式包廂為主的座位，滿足多人聚餐、共享肉品火鍋的樂趣 店址 : 台北市大安區光復南路290巷53號 電話...,Yahoo奇摩旅遊網友投稿",https://travel.yahoo.com.tw/國父紀念館冷藏肉專門-鍋無敵-光復店寬敞舒適的日式火鍋-144524826.html
"【台北中山】春日甜Bistro Café－知名甜點師傅開設甜點精品店，精緻好吃美味甜點料理，網美IG熱門打卡拍攝餐廳,食旅作家／鄭小柔】知名甜點師傅－はるか（哈魯）來台開店－「春日甜Bistro Café」餐廳位於台北市中山區中山北路二段27巷14號1F，就在林森康樂公園附近，從中山捷運站3號出口，步行約4～5分即可抵達，開車前來的朋友，餐廳旁邊就是收費停車場，停車相當方便。 是許多網美、IG的熱門打卡美拍地點哦～天氣若是涼爽，在戶外用餐，也別有一番風情呢！ ▼牆上黑板畫了Q版招牌菜色，看起來很用心。 春日甜Bistro Café菜單以報紙為意象，白底搭配黑字， 主要提供潛艇堡、輕食、主食、甜點及飲品， 價格約落在$NT. 100～990元...,Yahoo奇摩旅遊網友投稿",https://travel.yahoo.com.tw/台北中山-春日甜bistro-caf-知名甜點師傅開設甜點精品店-精緻好吃美味甜點料理-123218792.html
"俯視大台北的華燈璀璨，後花園景觀餐廳,坐擁文化大學後山遠近馳名的夜景，並已開業多年的後花園景觀餐廳，今年初，與原先在附近的另一家餐廳「夜。店 night fever」合併，多了較為年輕化的美式餐點、飛鏢機、桌遊及水煙等等，讓這家老牌的景觀餐廳迎來了新的改變。 讓人覺得比較像是來到旅館的大廳而不是餐廳XD ▼1樓以四人座居多。 2樓則有許多包廂型的景觀沙發座， 自2樓的窗邊向下望， 3樓為露天座位，無玻璃阻隔的夜景更為寬闊清晰， 印象最深刻的便是中央那巨大的電線桿XD ▼Menu上的餐廳照片看起來漂亮很多XD 而因與「夜。店 night fever」合併， ♥牛肉陶板壽喜燒 $400 讓我們一再確認價格是...,Yahoo奇摩旅遊網友投稿",https://travel.yahoo.com.tw/俯視大台北的華燈璀璨-後花園景觀餐廳-115551539.html
"【新北-土城區】嘉義文化路珍珍海產粥．蚵仔煎,嘉義文化路珍珍海產粥從裕民路搬到中央路二段112號的時候有來吃過一次 下午17:30開始營業至凌晨00:30，星期一公休，晚上來吃宵夜的人還蠻多的說 地址：新北市土城區中央路二段112號 電話：0933376751 營業時間：17:30-00:30星期一公休,Yahoo奇摩旅遊編輯部",https://travel.yahoo.com.tw/【新北-土城區】嘉義文化路珍珍海產粥．蚵仔煎-025253896.html
"台北永康店～創意咖啡上綻放豔紅玫瑰花，永康街美食新推薦！,p>永康街商區視覺系咖啡再一波！極具創意特色的「花漾瑰蜜」，雪白奶泡上綻開一朵艷紅玫瑰花，女孩們為之瘋狂！ 說到成真咖啡come true coffee紅不讓人氣，從台中審計新村延燒到台南正興街商圈，這個月初又到了台北永康街商圈， 一杯咖啡，夢想成真 說到成真咖啡，我是從台中審計店開始第一次接觸，自此之後就深深喜歡上這家咖啡館不同於一般商業咖啡館的經營理念。,Yahoo奇摩旅遊編輯部",https://travel.yahoo.com.tw/台北永康店～創意咖啡上綻放豔紅玫瑰花，永康街-024839414.html
"人潮滿滿、預約才能吃得到，這家隱藏版串燒好吃又超平價！,滿滿一整桌，看起來就是滿足，不要以為我們只是會點，我也是很會吃的！XD 實不相瞞、我就是會點的那一個，因為我實在太愛吃大蒜啦！而烤大蒜看起來或許奇妙，但事實經過烤炙可是完全無嗆味，就像煮熟的那種軟綿質地，灑一點點鹽巴就超好吃，這個我大推！XD 私心超有愛。 剛開始還在想雞動脈串到底是什麼，點餐時店員還很神祕的偷笑，說我等等就知道，噗！XD 這也是澠排行榜的其中一員，蛋控的我，有超美的半熟蛋就很可以了！XD 剛開始不懂它生意為何會這麼好，實在是大台北地區日式居酒屋多到根本數不清，若論味道我是覺得都很不錯，主要是它的...,Yahoo奇摩旅遊網友投稿",https://travel.yahoo.com.tw/人潮滿滿-預約才能吃得到-這家隱藏版串燒好吃又超平價-021623379.html
"50年牛肉料理專賣店，鎮店之寶牛腩火鍋必嚐,新莊牛肉大王餐廳是在地特色性很強的50年老店，販售全牛料理，少見的牛心、牛腰、牛尾等通通有。 新莊牛肉大王最厲害的是鎮店之寶牛腩火鍋，牛肉高湯無限量添加，搭配牛腩、凍豆腐、大白菜、拉麵等超滿足。 店內的自製辣椒醬也是必嚐，香氣逼人啊，食尚玩家、旅行應援團、蘋果日報報導過的好店分享給你們～ 前面提到適合單人品嚐的牛肉麵、海鮮麵、牛肉炒飯、豬肉炒飯等來了， 100-160元之間很常見價格，如果一個人不知道要吃什麼時可以來試試，這區最多人推薦的是牛肉麵～ 招牌牛腩鍋（小，750元） 配料很單純，牛腩肉、凍豆腐、大白菜、拉麵四樣而已，不過份量給的很足，兩人份...,Yahoo奇摩旅遊編輯部",https://travel.yahoo.com.tw/50年牛肉料理專賣店，鎮店之寶牛腩火鍋必嚐-015822216.html
"史上最霸氣的漢堡，比麵包還大的牛排整片夾入！還有整隻龍蝦堡,150 漢堡包的酥軟，搭配的恰到好處，雖然一份要150元，但光吃那片牛排就幾乎快飽了，值得。 初堡 電話：02-2977-8738 地址：新北市三重區長興街2之2號 營業時間：09:00-21:00 三重蘆洲新莊滿600元可外送 文章出自:Irene,Yahoo奇摩旅遊編輯部",https://travel.yahoo.com.tw/史上最霸氣的漢堡，比麵包還大的牛排整片夾入！-162710908.html
"寒舍艾美。下午茶之甜點細膩美味鹹點大躍進,一向以甜點見長的寒舍艾美北緯25雙人下午茶，這次除了維持甜點水準之外，鹹點部份包括份量與質感風味都有大躍進，無論男女都能各取所需，也讓下午茶不只有女性元素，即使是男生造訪也能吃得飽滿愉快 而這次熊受邀造訪的，是我們一直很喜愛的寒舍艾美北緯25恬夢綺想雙人下午茶，平心而論，從寒舍艾美從Quube推出下午茶之後，熊跟喵幾乎沒有錯過，直到下午茶轉往北緯25，我們自然更是不能放手 而這次的恬夢綺想雙人下午茶價位是1480元（需再加一成），基本上依舊是分成三個部分，包括飲料（可以分成咖啡類或是茶品，這次的茶品都來自德國農莊茶） 當然如果想喝得更豪氣...,Yahoo奇摩旅遊編輯部",https://travel.yahoo.com.tw/寒舍艾美。下午茶之甜點細膩美味鹹點大躍進-161621936.html
"【新北中和區】甜湯、冰品、豆花店：豆花朴,地址在中和民德路6-1號，兩披索旁邊 斜對面民德路21號開了一間胖老爹 豆花朴在新店建國路93號也有店面，目前好像就中和跟新店兩間店的樣子 這是在他們FB粉絲頁下載的菜單，看來清楚多了 地址：新北市中和區民德路6-1號 電話：02-29640739 營業時間：11:00-23:00,Yahoo奇摩旅遊編輯部",https://travel.yahoo.com.tw/【新北中和區】甜湯、冰品、豆花店：豆花朴-160429114.html
"【新北樹林區】碳厚囍大腸包小腸．炭烤吐司,營業時間從早上6點半到中午1點半，算是早午餐這樣 店址在樹新路140號，紅綠燈下，店門口只能夠停幾台機車 這邊離樹新路40-6號的秀泰生活樹林店很近，騎車應該不用五分鐘 碳烤軟QQ里肌肉牽絲吐司 地址：新北市樹林區樹新路140號 電話：0908628678 營業時間：06:30-13:30星期二公休,Yahoo奇摩旅遊編輯部",https://travel.yahoo.com.tw/【新北樹林區】碳厚囍大腸包小腸．炭烤吐司-155324172.html
"暖心暖胃好手藝蒜香廚房精緻家常菜,炒的油亮的香干肉絲其實一點都不油，用了蠔油醬油調味，甘甜鹹香好下飯，使用市場每天新鮮進貨的溫體豬，難怪肉質Q彈，自己在家非常難做出這樣的品質 店址: 台北市士林區天母北路二段41號 電話: 02-28738182 營業時間: AM11:30~PM14:30 (周三至周日) PM17:00~PM21:00,Yahoo奇摩旅遊網友投稿",https://travel.yahoo.com.tw/暖心暖胃好手藝蒜香廚房精緻家常菜-132528987.html
"熱燙爆漿的日本章魚燒＆大阪燒,章魚燒 (芥末、日式沙拉(酸)、台式沙拉(甜) 三選一) 店家的專頁強調「沒有客製化」，但我先前一直不知道，還是請老闆美乃滋幫我加一半，對老闆頗不好意思。 日本章魚燒的麵糊含水量很高、油度也低很多，章魚燒的上方會刷上薄薄的醬汁與海苔粉、柴魚片 入口則是綿軟而爆漿，吃起來很燙，但假使你不是貓舌頭，就是要趁熱來吃體驗這種報燙的感覺。 裡頭有大塊的章魚，充滿咬勁又Q彈。 照片中你看到有外帶盒裝，也有內用盤裝，因為在分享給大家之前，我已經來買過好幾次了 XD,Yahoo奇摩旅遊網友投稿",https://travel.yahoo.com.tw/熱燙爆漿的日本章魚燒-大阪燒-094153353.html
"【Taipei】永心鳳茶 x 微風信義店。用高腳杯喝的台灣在地好茶,永心鳳茶在高雄可是紅的吱吱叫，終於來台北拓點了。和gaga約了一個平日來吃吃，大概等了一小時左右，終於入座～ menu 茶品種類不少 餐點種類雖然不多，但是有飯還有米粉可以選擇 光速點餐後，用高腳杯喝的茶品也是咻咻上桌 日月潭紅玉紅茶 煙江 & 阿里山鐵觀音 岩岫 冰的茶品其實聞不太到茶香，不過還是有些淡淡的香氣，口感還算順不會澀澀的 鳳梨豆醬雞翅 ► 擺盤有點ㄦ美，口感甜甜鹹鹹，蠻不錯的 霜降牛肉米粉湯 ► 長相超澎湃，嫩嫩牛肉片堆成小山丘，還有娃娃菜、半顆溏心蛋 點綴的九層塔也是香噴噴，旁邊的小配菜是海帶和胡麻醬龍鬚菜，中間那是牛肉沾醬 特寫，湯頭好甜!! 牛肉...,Yahoo奇摩旅遊網友投稿",https://travel.yahoo.com.tw/taipei-永心鳳茶-x-微風信義店-用高腳杯喝的台灣在地好茶-071833188.html
"五種好茶搭配五款小農鮮奶，共25種組合的鮮奶茶任你配！還有整面花牆跟隱藏的羊奶,50 花惹蜜 Follow Milk (師大店) 粉絲頁：https://www.facebook.com/FollowMilk.Taipei/ 電話：02-2363-1127 地址：台北市大安區師大路59巷12號 營業時間：10:30-22:30 (一到五)/12:00-23:00(六、日),Yahoo奇摩旅遊網友投稿",https://travel.yahoo.com.tw/五種好茶搭配五款小農鮮奶-共25種組合的鮮奶茶任你配-還有整面花牆跟隱藏的羊奶-001531600.html
"七張悠遊食代～拾捌創意鐵板燒一次滿足七種牛肉滋味,表層微微焦香內部仍舊Q彈的干貝不沾醬就很好吃，似乎是美乃滋調的醬料，但沒那麼甜，配海鮮滿提味的 店址: 231新北市新店區新店區北新路二段128號2樓 電話: 02-89135510 營業時間: AM11:00~PM21:00,Yahoo奇摩旅遊網友投稿",https://travel.yahoo.com.tw/七張悠遊食代-拾捌創意鐵板燒-次滿足七種牛肉滋味-140232489.html
"霸氣用料、芒果多到堆成一座山，這碗竟然只要120元！,【美食部落客 / 謝蘿莉】不用再羨慕台中的朋友有東海何媽媽可以吃，台北現在也有超厲害又便宜的芒果冰囉！價格連何媽媽一半都不到，芒果卻堆得滿滿滿、就像堆出一座芒果山，開幕約莫半年、卻已經在ig上變成超夯的熱門打卡點，隨便滑一滑都是這間冰店超美照片，真的有夠搶手的。 這間杏玥冰坊最近在ig上真的超級紅，雖然交通不怎麼方便、可是整個是爆炸熱門的啦！ 檯子整齊乾淨，一看就很加分，另外ig上除了芒果冰、古早味剉冰，還有招牌八寶冰也是推薦的必吃冰品，怎麼感覺鎮店之寶好像多樣？！XD 本來想說已經快要晚上的用餐時間了，沒想到冰吃的人潮還是比我想像中多...,Yahoo奇摩旅遊網友投稿",https://travel.yahoo.com.tw/霸氣用料-芒果多到堆成-座山-這碗竟然只要120元-135119087.html
"全台溯溪體驗推薦TOP15｜全台5大區溯溪：難易度、特色全指南,又到了走出戶外體驗夏日的季節了，你準備好要跟三五好友去哪裡度過夏天了嗎？溯溪，或許是個還不錯的選擇，在溪谷中的急流、巨石、瀑布中感受溯溪的刺激，同時還能挑戰深潭跳水和滑水，體驗夏天玩水的樂趣！今年夏天，就跟著小編一起來去挑戰全台15條溯溪路線，成為夏天玩水達人吧！ 推薦玩法TOP1：台北老梅溪溯溪 推薦玩法TOP2：苗栗打比厝溯溪-跳水滑瀑趣 推薦玩法TOP3：花蓮翡翠谷溯溪 難易指數：★★★★★ 適合戶外高手挑戰 難易指數：★★★★ 適合有333運動習慣、偶爾登山的成年人 難易指數：★★★ 適合體力還不錯、經常健行踏青的成年人 難易指數...,Tripbaa 趣吧！",https://travel.yahoo.com.tw/全台溯溪體驗推薦top15｜全台5大區溯溪：難易度、特-102234709.html
"Izumi Curry 台北美食 最受注目來自大阪日式咖哩,文章來源/生活就是要慢慢吃。來自大阪，曾獲日本權威美食節目評選為人氣料理店及2009、2010年度最佳餐廳獎的Izumi Curry在台灣開店囉！ ▼Izumi Curry交通方式 Izumi Curry目前在台灣有兩間分店，分別為京站店及微風店 我們這次到微風店去品嚐，地點就位於微風廣場G樓 搭乘捷運至忠孝復興站5號出口，沿著復興南路一段直走 步行約6分鐘即可到達 ▼Izumi Curry店內環境 店內環境很寬敞，多為2~4人座位，可容納40~50人 主餐加$159可升級華麗組合套餐 含主廚季節小菜+甜點+飲料$80元以下任選 神燈薯條 $49 天使歐姆豬排...,Yahoo奇摩旅遊網友投稿",https://travel.yahoo.com.tw/izumi-curry-台北美食-最受注目來自大阪日式咖哩-081933775.html
"今夏「芒」翻天！全台6家好吃又好拍～IG爆紅芒果冰全收錄,日頭炎炎，每日氣溫一不小心就破30度，讓人忍不住想吃一碗沁涼入心的冰品，當然不能忘了台灣代表甜品「芒果冰」！當季芒果噴香登場，以各種姿態出現在每家冰店，快跟著小編全台跑透透，從北到南挖掘爆紅美味芒果冰店～ 1. 美味芒果冰在口中盛開 #台北・參好 (Photo by IG@oscarlife75, 圖片來源) 三重人氣爆棚的知名冰店「參好」，網友美稱像是咖啡廳一般的美冰店，從店裝潢到冰品都充滿藝術美感。料好實在、價格合理，若想前往吃冰先做好排隊的心理準備。其中「大勝愛文芒果冰」是店內招牌，使用3顆芒果，大方切片層層妝點在刨冰之上，宛如盛放的玫瑰花，搭配煉乳和...,Yahoo奇摩旅遊編輯部",https://travel.yahoo.com.tw/今夏「芒」翻天！全台6家好吃又好拍～ig爆紅芒果-075259154.html
"老艋舺人才知道這味，菊花肉麵你聽過嗎？,來之前我只知道『昶鴻麵點』的魯蛋是必點，很難得在台式麵攤能看到半熟蛋，跟一般拉麵店的糖心蛋比起來， 這半熟蛋熟度多了幾分，不愛吃生蛋的我反而更加喜歡。 這天非常餓，想再切點什麼，就問了問老闆娘，老闆娘推薦後，問我雞腿80元能不能接受？ 說實在並不便宜，但老闆娘既然推薦了，點下去自然不會錯。 沒想到老闆接起熟客的電話，跟人說今天最後一隻雞腿已經賣光，還好有點下去 XDDDDDD 雞腿肉緊實中帶點軟Q，上頭淋上少許油膏調味，簡單的傳統美味。,Yahoo奇摩旅遊網友投稿",https://travel.yahoo.com.tw/老艋舺人才知道這味-菊花肉麵你聽過嗎-070258354.html
"［台北］三個傻瓜 印度蔬食 ATT4FUN信義店。源自於印度電影的店名，提供全素去除五辛的印度咖喱。,三個傻瓜 印度蔬食 ，喜歡蔬食料理應該是對他們家不陌生，ATT4FUN已是第四家分店囉！現代人講究養生健康，食素者的比例越來越高，三個傻瓜 印度蔬食為滿足所有食素者的需求，將傳統的印度咖喱去除了洋蔥及五辛香料，研發出的全素可食的印度風味蔬食料理，在台灣目前已設立第四家分店囉！ ⬆三個傻瓜 印度蔬食 ，座落於信義區的ATT4FUN 4樓 上手扶梯後，直走就可以看到囉！ 座位設置採4~6人座為主，人多可併桌。 除門口象徵著「三個傻瓜」的屁屁椅以外，也提供熱情印度的花邊搖椅拍美照打卡使用喔！（每次看到美美可以拍照的地方就忍不住先拍了起來...,Yahoo奇摩旅遊網友投稿",https://travel.yahoo.com.tw/台北-三個傻瓜-印度蔬食-att4fun信義店-源自於印度電影的店名-070127266.html
"白嫩的舒芙蕾在這！東區舒芙蕾鬆餅下午茶推Bubble cafe 用餐不限時～,美食部落客 / Angela愛旅行 ] 位在台北東區巷弄間的Bubble Cafe 是餐酒館也是家咖啡廳，喜歡白白嫩嫩舒芙蕾鬆餅的女孩們，這裡的舒芙蕾很推薦!! 用餐環境優雅且不限時，是姊妹滔聚餐聊是非的好地方。 Bubble Cafe 餐廳內的環境舒適有氣氛，簡約又帶點慵懶的氛圍很適合餐聚。 除了室內座位還有一個玻璃小窗邊座位，舒適的沙發可以享用下午茶也適合晚上小酌。 Bubble cafe是餐酒館也有提供日式下午茶，當天品嘗了店內的兩種餅乾泡芙，一個是檸檬口味一個是香草口味的餅乾泡芙。 這裡的餅乾泡芙口感跟一般我們常吃的泡芙口感不一樣...,Yahoo奇摩旅遊網友投稿",https://travel.yahoo.com.tw/白嫩的舒芙蕾在這-東區舒芙蕾鬆餅下午茶推bubble-cafe-用餐不限時-063919528.html
"全台唯一蕎麥宴席日本料理餐廳『菜な nana 蕎麥宴席』坐擁101百萬夜景,【美食部落客：沙拉飯團】台北信義區又一間高樓景觀餐廳，坐擁百萬美景，150元起可以吃到和食手工料理，這應該是高樓景觀餐廳找不到的價格，『菜な(nana) 蕎麥宴席』位在微風信義站45樓，捷運市政府站3號出口，可在微風信義4樓搭乘電梯上45樓！ 日本餐飲集團BYO株式會社自日本引進『和食EN』日本料理、『御盤de食堂』日式定食料理，及嚴選日本百年老店一夜干料理為主打的『鶿克米』，今年夏天帶來東京澀谷以蕎麥宴席料理為主題的日本料理『菜な(nana)』 『菜な(nana) 』共有120個位置，並設有包廂，包廂可容納4~16人，一個人來也可以坐吧檯的位置，可以看主廚製作料理的過程...,Yahoo奇摩旅遊網友投稿",https://travel.yahoo.com.tw/全台唯-蕎麥宴席日本料理餐廳-菜-nana-蕎麥宴席-045437791.html
"台北。用高腳杯喝的台灣在地好茶,永心鳳茶在高雄可是紅的吱吱叫，終於來台北拓點了 和gaga約了一個平日來吃吃，大概等了一小時左右，終於入座 menu 茶品種類不少 餐點種類雖然不多，但是有飯還有米粉可以選擇 特寫，湯頭好甜!! 牛肉片大概是7分熟吧，嫩嫩的 心得 ► 用餐超熱門，建議大家可以直奔先登記，再去逛街悠晃一下 整體來說，食物真口味還算不錯，服務品質也很棒，價位相對偏高 雖然主打台灣茶，但阿寶對他們的茶品沒有特別的記憶點，除了用高腳杯喝這點還蠻少見的 空間的美應該也是吸引顧客上門的要素之一，不過因為生意超好人超多，拍照蠻有挑戰性 甜點的部分算還行，食量比較大的話可以點一下，當做飯後...,Yahoo奇摩旅遊編輯部",https://travel.yahoo.com.tw/台北。用高腳杯喝的台灣在地好茶-020646542.html
"無酒也醉氣泡飲，一腳踏進夏日文青沁涼時光,Bamboo查了一下就決定去離捷運站最近的公館一店 公館捷運一號出口走約不到五分鐘就到了XD 記得小日子剛出雜誌時，很期待每個月都去7-11購買 本來想點珍珠鮮奶茶，結果珍珠還在煮就改點氣泡飲的無酒也醉MOJITO 無酒也醉MOJITO加入了薄荷葉、蜂蜜、檸檬與鳳梨醬，沒有任何酒精 ▲無酒也醉MOJITO 店員說不用先搖一搖直接吸管插入即可，否則會因為氣泡水的關係爆開XDDD,Yahoo奇摩旅遊網友投稿",https://travel.yahoo.com.tw/無酒也醉氣泡飲-腳踏進夏日文青沁涼時光-142455857.html
"長勝君捲蛋餅三十公分很潮的美式捲蛋餅,看起來肥潤潤的大亨堡挺討喜，德式香腸就是你我熟知的那種，跟7-11有賣的差不多，皮脆，裡頭黃瓜片很有戲，跟夜市小吃甜不辣旁邊會配的那種一樣，酸甜開胃醃得入味切的薄，放在裡頭有搭 店址 : 台北市松山區興安街214號 電話 : 02-25148998 營業時間 : AM8:00~PM17:00,Yahoo奇摩旅遊網友投稿",https://travel.yahoo.com.tw/長勝君捲蛋餅三十公分很潮的美式捲蛋餅-102844653.html
"珍珠控、螞蟻人請筆記！近期超夯的「黑糖紋身系飲品」大搜查,source: 妞新聞/妞編輯Ang 拍攝 近期才在東門設立新門市的康青龍，推出了「太妃糖鮮奶」、「黑糖珍珠鮮奶」， 以及加了紅茶的「太妃糖鮮奶茶」、「黑糖珍珠鮮奶茶」4款甜蜜蜜的新品，太妃糖系列香氣十足，珍珠的黑糖味也很夠，螞蟻人一定要試試！ source: 妞新聞/妞編輯Ang 拍攝 從台中一路紅到台北，6月9老虎堂西門西寧南店即將開始試營運，同時在香港也設立了分店，真的是勢如猛虎啊～ 老虎堂Tigersugar 被喻為是老虎堂最強勁的對手，吉龍堂光看名字就有種打對台的感覺（然後黑糖還叫龍紋XD），最近也開始在大台北地區陸續展店，妞編輯家裡附近就有一...,妞時尚",https://travel.yahoo.com.tw/珍珠控、螞蟻人請筆記！近期超夯的「黑糖紋身系-053027791.html
"日本最大的迴轉壽司來台，全台首店，130種品項，60元飲料喝到飽！,繼藏壽司 くら寿司、はま寿司HAMA壽司陸續來台設點後，全日本最大的迴轉壽司「SUSHIRO 壽司郎」也來了！不用飛到日本就能品嚐到眾多來自日本的握壽司，何等幸福，也讓國人針對平價的迴轉壽司有更多的選擇性。 提醒如果是APP預約也需到接待處的機器輸入號碼完成報到。 壽司郎的餐點豐富，品項約有130種！包含壽司、副餐、飲料等， 壽司郎的壽司盤底部都裝有IC晶片，藉以監測壽司的新鮮度，如在迴轉帶上超過40分鐘， 價格每盤40元起，大多數的壽司都是紅盤(40元)，少數的銀盤(60元)、金盤(80元)， 壽司郎另一個特色就是60元飲料喝到飽！在平板上點選飲料...,Yahoo奇摩旅遊網友投稿",https://travel.yahoo.com.tw/日本最大的迴轉壽司來台-全台首店-130種品項-60元飲料喝到飽-002456255.html
"佛系快炒店，快炒入口都是人情味！,陳文全小吃店』的環境算是比較沒什麼裝潢，很傳統的小吃店， 來這邊吃飯併桌很正常，最妙的是，這天接近午餐時段來訪， 我看到有熟客家長直接先預約訂菜，然後帶著2~3個便當盒來分裝飯、菜，再送去給學校孩子， 好聰明的方法，直接免煮飯，每天菜色變化又比便當大，且省了便當盒還兼顧環保。 『陳文全小吃店』菜單價位(2018.05) 以台北內湖來說，這價位真的相當親切，難怪這麼低調卻熟客滿滿！ 炸雞腿 許多人推薦這邊的雞腿飯，但這天我就想吃炒飯，可是也放不下雞腿飯XD 當然就單點個炸雞腿來分食過過癮，炸雞腿沒裹粉直接炸， 算是很傳統台式炸雞腿，雞皮炸得酥脆不油膩...,Yahoo奇摩旅遊網友投稿",https://travel.yahoo.com.tw/佛系快炒店-快炒入口都是人情味-165548060.html
"創意咖啡上綻放豔紅玫瑰花，永康街美食新推薦！,說到成真咖啡come true coffee紅不讓人氣，從台中審計新村延燒到台南正興街商圈，這個月初又到了台北永康街商圈， 一杯咖啡，夢想成真 更是台灣第 一家獲國際 B 型認證咖啡企業，不僅如此這裡更提供專業職人一個能夠盡情發揮自我的舞台， 讓更多人享用到一杯好咖啡，實現生活裡每一個微小夢想，並將獲利的50%捐助「非洲潔淨水計畫」， 讓店內亮度更加提升，刷白外牆掛上高掛come true coffee的白底藍字logo， ＃橙香威士忌 NT$180 (台北店限定) ＃花漾瑰蜜 NT$180 (台北店限定) ＃青蔥櫻桃鴨 NT$220 ＃抹茶紅豆舒芙蕾 NT$210 成真咖啡招牌舒芙蕾厚鬆餅，在...,Yahoo奇摩旅遊編輯部",https://travel.yahoo.com.tw/創意咖啡上綻放豔紅玫瑰花，永康街美食新推薦！-142643130.html
"【新北-永和區】樂華夜市老字號冰店「永美雪花冰」黑糖珍珠奶茶冰磚,永平路180巷1號的官記純檸檬泰式涼拌青木瓜排隊一直很多人排隊 營業時間17:00-23:30，阿肥說他曾經買過一次，但我已經沒印象了 不過因為我對花生系列的東西不是這麼喜歡，所以不太能體會XD 地址：新北市永和區永平路67號 營業時間：18:30-00:00,Yahoo奇摩旅遊編輯部",https://travel.yahoo.com.tw/【新北-永和區】樂華夜市老字號冰店「永美雪花冰-111151482.html
"台北。雙味美國法式羊排套餐!Choice等級小羔羊排鮮嫩多汁又美味，營養價值滿分!,大家都知道羊肉是溫補首選，但台灣人熟知的羊肉料理方式大概就是羊肉爐，但其實羊肉有很多料理方式，且營養價值更是高居肉品營養之王!美國超鑽級羊肉自2017年引進台灣市場後，因為無施打賀爾蒙，加上良好的放牧環境與嚴格把關，不僅肉質鮮嫩，也較無羊肉獨有的腥羶味，吸引不少饕客喜愛!不過因為美國羊肉產量稀少，出口更是只有1%，可說是頂級又珍貴的健康食材，往往出現在高級飯店或是餐廳裡頭才享用得到...,Yahoo奇摩旅遊編輯部",https://travel.yahoo.com.tw/台北。雙味美國法式羊排套餐choice等級小羔羊排鮮嫩-110706320.html
"【台北】KOKO LAB有梗冰菓室 免費參觀～用冰為你消暑，用梗搏君一笑，做這個夏天裡，最清涼的去處,東區又有一個可愛的景點可以逛逛了，一個網美拍照聖地，由國泰世華旗下KOKO數位銀行推出的限定企劃，俗話說：「第一賣冰，第二做醫生」，所以幫大家看完病之後，現在我們要來開冰店啦！ KOKO LAB有梗冰菓室 地址：台北市大安區敦化南路一段183號 開放時間：1200～2100(周一公休) 粉絲團：KOKO LAB有梗冰菓室 小孩子跌倒，猜一句成語，真的是腦力激盪，看看你有什麼idea 趕緊掃一下QR code就可以免費換轉角遇到冰，記得要到KOKO跟KOKO LAB兩個粉專按讚 我一直覺得下一個會更好XD,Yahoo奇摩旅遊網友投稿",https://travel.yahoo.com.tw/台北-koko-lab有梗冰菓室-免費參觀-用冰為你消暑-100902999.html
"大安區 最潮的佐藤咖哩 Stao Curry,喜歡咖哩的朋友一定不能錯過佐藤咖哩 Sato curry！店面位於六張犁站/忠孝復興站。外觀呈現日式木質裝潢風格，還沒進去前就會覺得很日式，但一踏進去後，會覺得超級潮.... 佐藤咖哩 Sato curry 地址:台北市大安區復興南路一段92之1號 電話:(02)2711-1967,Yahoo奇摩旅遊網友投稿",https://travel.yahoo.com.tw/大安區-最潮的佐藤咖哩-stao-curry-010656455.html
"台北。日式豬排～～推薦草蝦腰內豬排套餐人氣餐點！,銀座杏子日式豬排位在微風台北車站美食街2樓 是微風台北車站開業已經很久的排隊人氣美食 同層還有大心、點點心、池記、金子半之助等美食餐廳 銀座杏子日式豬排在全省有將近20家門市 微風台北車站的這間門市座位數算滿多的 有個人座可以看到台北車站中庭 也有兩人座跟四人座 銀座杏子日式豬排 菜單 草蝦腰內豬排套餐 $390 我覺得銀座杏子日式豬排的炸物不會油 吃起來麵衣的酥脆度很夠 草蝦的部份滿Q彈的 可以擠上檸檬沾沙拉醬一起吃 滿爽口的 如果想吃炸物或豬排的人 微風台北車站2樓的銀座杏子日式豬排是滿不錯的選擇 可以一個人吃 也可以揪朋友或家人一起去吃 不管你愛豬排...,Yahoo奇摩旅遊編輯部",https://travel.yahoo.com.tw/台北。日式豬排～～推薦草蝦腰內豬排套餐人氣餐-161320842.html
"海鮮桶海派組合之超豪氣頂級海陸重量級菜色！,再訪誠品行旅The Chapter Cafe，首度感受到份量大爆炸又兼具海陸美味的豐富飽足舊金山海鮮桶海派組合，不只有八種海鮮搭牛排或豬肋排，再加上各種配菜與湯品，不只能吃飽又吃巧，更適合一群朋友來開趴 說起The Chapter Cafe這家多國料理餐廳（或乾脆稱為無國界料理），可以算是熊跟喵在松山文創中心附近的飯店基地 畢竟台北就算有再多頂級飯店或餐廳，但要距離一大片綠意這麼接近的地方，也非誠品行旅The Chapter Cafe莫屬 幾週前熊也曾經造訪The Chapter Café品嚐...,Yahoo奇摩旅遊編輯部",https://travel.yahoo.com.tw/海鮮桶海派組合之超豪氣頂級海陸重量級菜色！-155859879.html
"少為人知的免費戲水池，就連兒童滑步車也可免費租借，如此好康還不快來！,北投的媽媽們在哪裡，有沒有家裡的小寶貝們開始吵著想要玩水但是又不想跑太遠，這裡推薦一個不但可以免費戲水又可以免費租借小朋友滑步車的好地方！,Yahoo奇摩旅遊網友投稿",https://travel.yahoo.com.tw/少為人知的免費戲水池-就連兒童滑步車也可免費租借-如此好康還不快來-150001237.html
"【 食 】台北舊城逆時光。棲仙選物所 x 樂鉢 x 明白甜點店,阿瑞找的很仙的店，從捷運站走過來一路上哀嚎 15分鐘根本就是詐騙集團… 建議夏天走過來記得撐傘 三樓算是一個合作的空間，飲料和點心是樂鉢 The Bowl 和明白甜點店 menu、茶水自助式 伯爵戚風 ► 上桌就聞到茶香，迷你小巧的尺寸口感QQ綿綿，適合2個人一起分食 心得 ► 工作人員只有2位，餐點都是現做，需要多點耐心 這裡景很美，等待的時候可以瘋狂拍照，也不無聊 而且這裡的擺設好像常常會變動，貌似雖時都有新鮮感拍不膩 小缺點就是飲料和點心種類少少的，選擇性不多 目前棲仙4F不對外開放，偶而有些教學課程才會讓大家上樓 最近發現課程種類超多...,Yahoo奇摩旅遊編輯部",https://travel.yahoo.com.tw/【-食-】台北舊城逆時光。棲仙選物所-x-樂鉢-x-明白甜-134525266.html
"台北炸嘎 海陸專業炸物,炸生蠔 炸生蠔 炸生蠔 日期：2018/06/06 炸嘎17：00開始營業，我們準時整點就衝進店內搶先點了第一張單(搶頭香的概念 ) 還可以喝杯冷飲消消暑，這裡的飲料喝到飽只要10塊錢(超值 ) 有可樂、汽水、冰檸茶、冰開水讓你喝到透心涼， 如果外帶；離開前更要裝滿一杯路上好補充水分！ 快速拍完美食搶先嗑我們的最愛 炸生蠔($100/六顆) 滿口鱻美炸鮮蠔的滿足中，繼續品嚐饕客們大讚的店內人氣必點基隆三寶($85) 基隆三寶是吉古拉、甜不辣和蛋腸 基隆人所說的吉古拉就是竹輪，不過做的比較薄；他們的甜不辣也比較薄，炸過口感也就比較彈牙。 而三寶中的蛋腸則負責彈Q口感，撒上的蒜末和花生更...,Yahoo奇摩旅遊編輯部",https://travel.yahoo.com.tw/台北炸嘎-海陸專業炸物-072923109.html
"老闆用生命跟熱血在做義大利麵的義麵坊,朋友吃過甲好到相報，推薦這間椰芭森林義麵坊，說是便宜高Cp值！仔細看看菜單，幾乎沒有什麼超過兩百元的餐點，還在想如此平價便宜的義大利麵，揪竟會是什麼滋味？！ 番茄臘腸義大利麵（$140）- 盤子大，麵也多，放好放滿沒有縮水的放置在盤中，該有的調味一樣都沒有少！ 奶油青醬蛤蠣義大利麵（$135）- 夠大顆的蛤蠣一樣一個都沒有少圈住整盤義大利麵，還多送你兩顆 鳳梨檸香雞肉鮮蝦義大利麵（$150）- 菜單上其實也有圖片示意，有時候是照騙，但椰芭義麵的圖還滿實在的 焗烤森林雞肉筆尖麵（$150）- 老闆灑起司超級大器 , 高熱量食物實在好誘人 , 減肥失敗怪不了別人只怪自己愛...,Yahoo奇摩旅遊網友投稿",https://travel.yahoo.com.tw/老闆用生命跟熱血在做義大利麵的義麵坊-072036100.html
"內湖好吃涼麵又一家，即使藏在巷弄在地上班族都知道！,【葉癮評饗 / 里夫】民權東路六段90巷這邊，算是個小市場，也是內湖行政大樓附近一個餐飲聚集的巷弄，算在地人覓食的集中區。 但說實在，我還真頭次來這吃東西，即使偶爾來內湖區公所辦點事情，辦完也就閃人了。 直到兩三年前抓寶熱潮，幾次無意間抓寶晚上亂繞下發現了這家『吾家味涼麵』， 一直想找機會過來試試，但一放著也是2~3年，這天早上家裡麵包沒了，趕著工又沒空出門買早餐，好不容易中午把件趕完交出去，索性乾脆開著車來內湖吃涼麵吧！ 『吾家味涼麵』雖然靠近內湖行政大樓，隱身在市場內，但其實是不少內湖上班族夏天午餐首選， 因為嚴格說起來，這邊算是內湖科學...,Yahoo奇摩旅遊網友投稿",https://travel.yahoo.com.tw/內湖好吃涼麵又-家-即使藏在巷弄在地上班族都知道-182140604.html
"小小兵預備備！獨木橋、攀繩爬坡，一個口令一個動作～台北大港墘公園,大港墘公園兒童遊戲場範圍其實不大，適用年齡為2-12歲，但除了遊樂設施外，一旁的大草皮足以讓孩子們瘋狂跑跳了，記得帶上野餐墊，帶顆球或飛盤等都可以開心玩上半天 很喜歡看板上的這段話：「大人請用鼓勵代替限制、用陪伴取代管教」～孩子的成長只有一次，真的需要大人們的陪伴與教養 由繩索、木頭組合而成的冒險之丘相當新奇有趣，讓孩子們可以訓練平衡感、手部肌力等更可以挑戰自我、贏得自信心，是很棒的訓練場！ 整座公園預計還要一段時間才會完整的與大家見面，聽說面積廣達2.5公頃，讓人好期待！ 想要玩得盡興只能平日來唷，然後要記得做好防曬措施，或是晚點來，免得...,親子就醬玩",https://travel.yahoo.com.tw/小小兵預備備！獨木橋、攀繩爬坡，一個口令一個-160005878.html
"台北信義區，黑松沙士清爽der 選物店，外觀文創清新，很多清爽der商品！,很特別的店外觀，這是『黑松沙士清爽der』，外觀超文創清新，外頭還有個可愛到不行的翹翹板，外頭牆面上有句「用減法，過出好生活。」 而且店內還有很多清爽der商品唷！ 在松菸的附近有一間文創『黑松沙士 清爽der 選物店』， 黑松沙士清爽der有減糖35%，連結推行「減法生活」，這間文創選物店， 有販售必備日常清爽der單品待回下面會慢慢介紹唷。 黑松沙士清爽der的活動大使是Lulu 黃路梓茵， 只要完成以下步驟，可聽Lulu 黃路梓茵減法生活宣言，可試玩看看der。 這裡也有販售三款「清爽der減消耗環保吸管」有三種顏色唷。 有「清爽der減依賴便條貼」、「清爽der減法生活...,Yahoo奇摩旅遊網友投稿",https://travel.yahoo.com.tw/台北信義區-黑松沙士清爽der-選物店-外觀文創清新-很多清爽der商品-150126862.html
"台北市知名景點戲水區開放了，戲沙戲水一應俱全，還不快來！,夏天到了，全台戲水區開始一一開放，上次才去過內湖極限運動公園的戲水池，過沒多久，又帶愛玩水的寶貝羽來大佳河濱公園的戲水區啦！,Yahoo奇摩旅遊網友投稿",https://travel.yahoo.com.tw/台北市知名景點戲水區開放了-戲沙戲水-應俱全-還不快來-232646388.html
"【板橋】新埔捷運站乾燥花餐廳早午餐,中午騎車來板橋文化路上的MATTER CAFE吃午餐 MATTER CAFE離新埔捷運站二號出口很近 這一帶出了名的難停車，阿肥還問怎麼不乾脆搭捷運來 我想說騎車機動性比較高，吃完還可以去別的地方晃晃 目前捷運施工是交通黑暗期，期待完工的那天到來 門口有菜單可以看，主餐價位大都在兩百元內 有早午餐、甜點、輕食沙拉跟燉飯、義大利麵那些 蠻多網友說舒芙蕾的味道還不錯喔,Yahoo奇摩旅遊編輯部",https://travel.yahoo.com.tw/【板橋】新埔捷運站乾燥花餐廳早午餐-223759721.html
"【台北】牛肉麵：2018米其林必比登推薦，清燉湯頭滋味一級棒,早在廖家牛肉麵還未拆遷前，波比就是它的忠實顧客了，當時環境沒現在好，但每天還是高朋滿座。 現在得了米其林必比登推薦後，人潮就更猛了，尖峰用餐時間，我們足足等了40分鐘才吃到，太嚇人了。 大碗牛肉麵200元，小碗牛肉麵170元，台北市牛肉麵名店很常見的價格，可以接受。 許多對自己有信心，又或高湯成本過高的 (牛骨、牛油耗時熬煮)，都不提供免費加湯，這裡便是其一。 豆干（30元）、海帶（30元） 豆干切得極薄，鄰桌的客人不斷地討論是不是機器切的，其實不是喔，刀工極為了得。 仔細端詳，豆干像被子彈打過一樣千瘡百孔，這種口感挺特別的，我很喜歡。外型雖白白的貌似不...,Yahoo奇摩旅遊編輯部",https://travel.yahoo.com.tw/【台北】牛肉麵：2018米其林必比登推薦，清燉湯頭-160601306.html
"日本第一迴轉壽司插旗台北車站「台湾スシロー 台灣壽司郎」捷運台北車站美食 握壽司,號稱日本第一的迴轉壽司『壽司郎』插旗台北車站，台北車站又多一美食排隊餐廳了，6/15『壽司郎』正式在台北車站館前路營業，今天早上10點沙拉就去現場排隊，因為手機APP沙拉只訂到週日下午的位置，就來碰碰運氣，大概排了1個多鐘頭就開放入場了，想不到朋友8點半就來排還排在第一位，強！ 『台湾スシロ 台灣壽司郎』就在台北車站館前路麥當勞樓上，捷運台北車站M6出口步行4分鐘 一開始我們排在樓梯間，之後開放進場才進到這區等候區，這是沙拉12點多要離開時拍的，那時候已經沒有排在樓梯間了，剛好有上班族要來上吃，聽到店員說要等1.5hr，我覺得排隊膀胱要很強，我...,Yahoo奇摩旅遊網友投稿",https://travel.yahoo.com.tw/日本第-迴轉壽司插旗台北車站-台湾-台灣壽司郎-捷運台北車站美食-121953807.html
"蛋頭先生期間限定店～可愛圓嘟嘟的蛋頭先生來囉 ! 巨型娃娃機、蛋頭先生的玩具盒，台灣限定周邊不能錯過！,玩具總動員Toy Story》大家都看過，除了那主角 "" 巴斯光年 "" 、"" 胡迪警長 "" 之外，你對誰最有印象呢?? 我對那圓嘟嘟的 "" 蛋頭先生 "" 最有印象，蛋頭先生跟蛋頭太太深厚的感情，無理頭的對話，超搶戲的。 「蛋頭先生Mr. Potato Head」將在華山文創園區設置期間限定店！ 已有66年的歷史的蛋頭先生其實在1995年加入《玩具總動員》系列電影之前，早已廣受大小朋友的 2018年蛋頭先生領銜，並首次與蛋頭家族聯手，打造亞洲唯一主題商店。 不僅販售獨家周邊、蒐羅海內外經典商品，獨家創意的『Potato Snacks 』蛋頭先生夏日輕食， 6/15開幕...,Yahoo奇摩旅遊網友投稿",https://travel.yahoo.com.tw/蛋頭先生期間限定店-可愛圓嘟嘟的蛋頭先生來囉-巨型娃娃機-蛋頭先生的玩具盒-台灣限定周邊不能錯過-113139484.html
"誰說連鎖早餐店總是一成不變，全新產品可頌與鬆餅的綜合體嘗鮮沒？,台北市的連鎖早餐店說多不多說少不少，暨麥味登與拉亞之後，這次來吃最近新掘起並不斷開始展店的Q burger。 所以特別找了離玩水地點最近的Q burger， 甜蜜楓情可朗芙組合餐 80元，(搭配飲料可折抵5元) 怪怪總匯蛋餅+起司 65元， 錫蘭紅茶(中) 15元與鮮奶茶(中) 30元 Q burger不管是裝璜或是餐點用具都使用亮橘色的關係，,Yahoo奇摩旅遊網友投稿",https://travel.yahoo.com.tw/誰說連鎖早餐店總是-成不變-全新產品可頌與鬆餅的綜合體嘗鮮沒-082806298.html
"松山區老酒吧，可愛店貓！,買醉的藍夜我們在 Addicition癮餐酒館。南京三民站，夜生活多是按摩舒壓、在一年多前 Addicition癮餐酒館 進駐，讓習慣老酒吧的買醉人有了新的歸宿。 先說說近年來Bistro對酒吧的衝擊，以往在電視劇中常見到打著領帶的酒保、提供一杯冰塊加威士忌、 或是隨著買醉人心情提供talking吐口水的心事地。 而隨著消費年齡層下降 Addicition癮餐酒館 也漸漸轉型Bistro 提供更華麗浮誇的元素、人人猛按快門的網美酒。 ▲香煎干貝佐鹹蛋$280 一直期待著鹹蛋與干貝激起的火花，乍看之下很有鳳梨蝦球的影子， 兩面干貝煎的微焦、多汁的表現結合上...,Yahoo奇摩旅遊網友投稿",https://travel.yahoo.com.tw/松山區老酒吧-可愛店貓-151510585.html
"日本最大迴轉壽司「壽司郎」6/15開幕，每盤40元起！,日本第一迴轉壽司品牌「壽司郎」（SUSHIRO）正式登台，6/15盛大開幕！分為40元、60元、80元三種價位，單點最高120元，採物超所值、高CP值路線。價格親民、食材高檔，而且還跟上流行很科技！不只用平板電腦點餐，每個盤子底下更裝置IC晶片，在迴轉帶上超過40～50分鐘，就馬上自動廢棄，維持鮮度。就連訂位，也能下載專屬APP預約訂位，免去排隊困擾！ ▲日本最大迴轉壽司品牌「壽司郎」（SUSHIRO），6/15開幕。預計8、9月在高雄統一夢時代開設第二家分店，年底前將陸續展店桃園、台中、台南，今年預計開出5家分店。 紅盤40元、銀盤60元、金盤80元...,Yahoo奇摩旅遊編輯部",https://travel.yahoo.com.tw/日本最大迴轉壽司「壽司郎」615開幕，每盤40元起！-124216252.html
"從吃喝玩樂全面進攻，你準備好一起瘋世足賽了嗎？,四年一度全球體育盛事──世界盃足球賽（FIFA World Cup）6/14開打，7/14、7/15更是季、冠軍精彩決賽，全台世足氣氛燃燒至最高點，你摩拳擦掌、準備好從吃、喝、玩、樂全面進攻，一起同歡，你準備好一起熱血一整個月了嗎？ ▲到高雄高空酒吧Pier No. 看世足賽外，穿著支持球隊球衣入場，並打卡標記#hotelindigo #hotelindigokaohsiung #FIFA上傳社群帳號，將免費招待俄羅斯Stoli Vodka Shot一杯。（★請勿飲酒過量） TGI FRIDAYS世足餐，美味外送在家也能輕鬆嗨世足 美式連鎖餐飲龍頭品牌TGI...,Yahoo奇摩旅遊編輯部",https://travel.yahoo.com.tw/從吃喝玩樂全面進攻，你準備好一起瘋世足賽了嗎-120010266.html
"2018陶瓷藝術園區水廣場戲水挖沙&小陶窩親子遊憩區,今年自6月1日開始，至9月30日止 平日戲水時間為09:30-17:00 假日是09:30-18:00 參觀鶯歌陶瓷博物館需購買門票，全票一張8O元 另外在官網看到水池清洗消毒日訂在7/2-7/3、8/6-8/7、9/4-9/5，消毒時間也是暫停開放 地址：新北市鶯歌區文化路200號 電話：02-86772727 開放時間：平日09:30-17:00、假日09:30-18:00,Yahoo奇摩旅遊編輯部",https://travel.yahoo.com.tw/2018陶瓷藝術園區水廣場戲水挖沙小陶窩親子遊憩區-085816070.html
"阿媽的少女時代｜和阿媽一起大稻埕散步,充滿歷史況味的大稻埕，從古早味到新氣象，一逛就是一整天,Yahoo奇摩旅遊編輯部",https://travel.yahoo.com.tw/video/阿媽的少女時代-和阿媽-起大稻埕散步-060326104.html
"【 台北 】米其林摘星星。大腕燒肉專門店 人氣爆棚燒肉名店,但其實烤網的邊邊不是特別燙 鮭魚茶漬飯 $75 ► 自從看了深夜食堂後，每次到日式餐廳必點 份量不大，2人分食大概就是吃個感覺，味道是清爽的，不錯 鹽蔥牛舌 $400 ► 一份4片，那個油花也太誘人 薄薄的牛舌，烤單面沒多久就能吃了 特寫，調味只有簡單的蔥花白芝麻和一點點的胡椒 不到入口即化的程度，但是也是好吃到猛點頭 松阪豬 ► 和 Moe燃 的長好像，不過體積似乎小了一點 特寫，烤熟之後的松阪豬有嚼勁呢!! 口感和 Moe燃 不太一樣，上次在燃吃的外皮帶點焦香 澳洲和牛拼盤 $1980 ► 翼板&牛小排的組合，這價位能吃的就是澳洲和牛了 可能是底部金色看起來超級豪華!! 翼板...,Yahoo奇摩旅遊網友投稿",https://travel.yahoo.com.tw/台北-米其林摘星星-大腕燒肉專門店-人氣爆棚燒肉名店-024757678.html
"台北。超隱密的巷弄中文青麵店，道道是功夫好麵，飲料也超有水準,旅遊部落客專欄 /Irene】 在IG看到這家不少人推薦的「功夫豬私廚好麵」，剛好當作當天的午餐選擇， 就連有地址看著google map也還小找了一下路，真的是隱藏美食。 菜單Menu，以麵食類為煮，飯類為輔，湯麵、乾麵的選擇性不少， 燙今日青菜，NT. 當天的青菜是高麗菜，一份50元給的份量不少，淋的不是常見的滷汁、醬油膏， 雞腿肉煨湯麵，NT. 私房豬嫩骨乾拌麵，NT.,Yahoo奇摩旅遊編輯部",https://travel.yahoo.com.tw/台北。超隱密的巷弄中文青麵店，道道是功夫好麵-161114743.html
"台北信義區，松菸恐龍麵包，可愛萌答答恐龍形狀外觀，恐龍起司蛋，濃郁起司超牽絲！,地址: 台北市信義區忠孝東路四段553巷22弄12號。 營業時間:PM11:30~PM6:30 週一店休。 今天是選蜂蜜芥茉，滋味還OK。 突然瞄到這個恐龍大麥XD 什麼都要加上恐龍一下，哈。 完全就是衝著有可愛恐龍 外觀而來，比起雞塊，我比較偏愛摩X的雞塊， 今天是買三顆$75。這個恐龍起司蛋吃起來雖然沒有到很特別， 地址:台北市信義區忠孝東路4段553巷22弄12號 電話:02 2746 7818,Yahoo奇摩旅遊網友投稿",https://travel.yahoo.com.tw/台北信義區-松菸恐龍麵包-可愛萌答答恐龍形狀外觀-恐龍起司蛋-濃郁起司超牽絲-152945897.html
"通化街小時候吃到大的漢記地瓜球,之前很常逛通化街，後來變忙了就比較少逛了。每次逛到街的中間，就不自覺看到這攤地瓜球攤販，印象中國高中時期就在這裡了，那時我弟也超愛，只要有家人來逛，回程時便會打電話問家裡人有沒有想要吃什麼，我弟總說要三十元地瓜球，印象那時候一份才十元，多麽久遠的年代。,Yahoo奇摩旅遊網友投稿",https://travel.yahoo.com.tw/通化街小時候吃到大的漢記地瓜球-150254545.html
"台北捷運忠孝新生站貓咪餐廳Take Out手工漢堡肉排手打新鮮多汁,Take out Burger&Cafe就在忠孝新生五號出口處，走出來還要找多久？免！一分鐘不到就讓你看到，就在出口處隔壁而已，超近的吧！ 二樓的空間就挺大的，完全開放式沒有帶位這件事，看到哪個位子想要走過去坐下就是你的，設計其實有點像talking bar 雙層牛肉經典漢堡 - 就是衝著大SIZE來的~漢堡是一種很神奇的東西 , 總是久久會讓你想念渴望一次 , 特別忘不了的是大口咬下滿嘴肉汁的滿足感 馬茲瑞拉洋菇漢堡 - 洋菇JUICY爽口 , 這款起司氣味比起雙層牛肉經典漢堡的起司味道相形偏淡 , 但反而不會搶過洋菇風采 , 喜歡洋菇當主角的這樣搭配是剛好 , 對我...,Yahoo奇摩旅遊網友投稿",https://travel.yahoo.com.tw/台北捷運忠孝新生站貓咪餐廳take-out手工漢堡肉排手打新鮮多汁-150050318.html
"只要60元，霸氣用料堆到就像一座小山高，不思議超高CP值讓人掉下巴！,【美食部落客 / 謝蘿莉】真不敢相信，信義區地段還有這麼便宜的冰店，一碗裝好裝滿竟然只要60大洋就能吃得到！當時經過只是單純被它的排隊人潮吸引，完全沒想到，自己完全被它的大器配料嚇一跳，這間店實在是太划算啦！ 面對信義區這寸土寸金的區域，我還真的有點不敢相信，這邊竟然還有CP值這麼高的刨冰，平日經過還排了不少人，當時我只是為了去買雞蛋糕而經過這，結果看到排隊人龍、自己也忍不住跟著排了！XD 這碗是排我前面那位客人點的，我的媽呀！這是巨人在吃的巨無霸冰嗎？！未免也太大碗了吧！瞧瞧一個大男綠，連一個大大手掌都快握不住，會不會太誇張...,Yahoo奇摩旅遊網友投稿",https://travel.yahoo.com.tw/只要60元-霸氣用料堆到就像-座小山高-不思議超高cp值讓人掉下巴-132247062.html
"親子必訪佩佩豬場景 粉紅豬小妹互動展,文／MOOK景點家編輯部整理報導 廣受兒童歡迎的的卡通明星「佩佩豬」，自6月16日至9月30日在台北科教館要以「Super Pop 粉紅豬小妹超級互動展」和大小朋友一同玩樂。 「Super Pop 粉紅豬小妹超級互動展」重現了佩佩豬一家人的歡樂家庭生活，除了還原動畫裡的經典場景，還有一比一等比例的佩佩豬及其他主要人物的公仔在展場中登場。 【Info】 Super Pop 粉紅豬小妹超級互動展 展覽時間：2018/06/16(六)-2018/09/30 (日) 開放時間：非暑假之平日 09:00-17:00 (16:00停止售票入場) 暑假(7/1-8/31)/假日09:00-18:00 (17:00停止售票入場) 展覽地點...,MOOK景點家",https://travel.yahoo.com.tw/親子必訪佩佩豬場景-粉紅豬小妹互動展-095500173.html
"安達祐實本人也將到場！日港台134位職人「日本手作創意市集」同步開催,此次活動除了邀請到去年的人氣品牌，像是造成搶購風潮的火銷魂、與彩虹樂團合作過的F！CT！ON…以外，今年日本手作職人不僅增加到52位、日港台更共計邀約到134位職人與近200個品牌同步開催！ 包括美甲設計、水墨畫家、穿搭達人、日本飾品、日本傳統工藝、刺繡、包包配件、平面插畫設計、流行時尚品牌、嘻哈文化、公仔、日本手作食品…等，還新增了超過 60 場次的手作教學及講座課程，連續3日Non-stop，快來燃燒你的職人魂！ 今年也特別邀請到日本女星安達祐實及藝術家千原徹也，以特別活動方式於中5B鍋爐室舉辦「不可思議的組合藝術展」。由現正...,妞時尚",https://travel.yahoo.com.tw/安達祐實本人也將到場！日港台134位職人「日本手-065559948.html
"六種高級肉品吃到飽！CP值最高壽喜燒新品牌,文／MOOK景點家編輯部整理報導 繼捌圓堂-和牛龍蝦帝王蟹鍋物專賣店、MIRUKU十勝牛奶鍋等人氣餐廳後，捌圓餐飲集團再度推出2018年的新品牌「肉肉山」壽喜燒餐廳，以及「密特師傅」食材市集，結合市集與餐廳的新飲食模式。 業者不但成立跨界品牌，同時提供市集與餐廳結合的新飲食模式，已在三創生活園區正式開幕，為三創美食戰場添增新焦點。肉肉山強調肉感最高、湯頭最高、CP值最高，且6種高級肉品無限供應。 不僅在肉品上嚴格把關，更研發秘製的湯頭，除了熟悉的日式壽喜燒外，還另增加3種湯頭。在裝潢及餐點的搭配上，也突破大眾熟習的日式風格，以大量...,MOOK景點家",https://travel.yahoo.com.tw/六種高級肉品吃到飽-cp值最高壽喜燒新品牌-064000764.html
"台北也有伯朗大道！壯闊稻海必拍新熱點,文／MOOK景點家編輯部整理報導 想欣賞一望無際的稻田美景，除了到台東的伯朗大道外，台北也有壯闊的稻浪平原。位在北投區的關渡平原有台北最後一塊大片水稻田，耕作面積達2百多公頃，每年收成兩次，最佳拍攝期間是六月底至七月初。 關渡平原為台北難得的大片水稻田 (圖片提供／j_h_ye) 關渡平原擁有面積廣大的水稻田 (圖片提供／little.xeno) 每年六至七月可見到大片的黃金稻浪 (圖片提供／ericchiang130) 想觀賞關渡平原稻海搭配觀音山日落，可以在中央北路二段257巷附近，約接近捷運復興崗站的地點拍攝；若單純想拍攝稻田風光，可以前從大業路527巷161弄進去，接近捷運忠義站...,MOOK景點家",https://travel.yahoo.com.tw/台北也有伯朗大道-壯闊稻海必拍新熱點-024000859.html
"起司量多到失控大爆走，身為起司迷的你千萬不要錯過！,碳烤吐司專賣店何其多，真的要一間一間慢慢吃的話，不知道何年何月能吃得完呢(笑)？對於這天吃的這間烤司院，早在很久很久之前兩光媽咪就熟知這間店，原因並不是因為在網路上看過它的文章，更不是因為有朋友推薦，而是像兩光媽咪一樣有在走跳公園的媽媽們應該不少人會知道這間店，原因是它就位在頗有名氣的華山公園的一旁。,Yahoo奇摩旅遊網友投稿",https://travel.yahoo.com.tw/起司量多到失控大爆走-身為起司迷的你千萬不要錯過-235637326.html
"這四款話題冰品，沒吃到就跟不上流行啦！,夏天一定少不了吃冰，除了好吃，話題也是夏天吃冰的樂趣之一，今年夏天最有話題的四款冰品：華人冰品天王NINAO蜷尾家攜手百年漢餅天后「舊振南」的「綠豆椪雪餅」、太魯閣晶英酒店五彩繽紛的「甘蔗彩虹冰沙」、台南晶英酒店X Häagen-Dazs打造的馬卡龍冰淇淋、ZAKUZAKU棒棒泡芙新品──萌雪棒棒泡芙，你拍照打卡、吃了沒？ ▲太魯閣晶英酒店色彩豔麗的「甘蔗彩虹冰沙」，光看就讓人有幸福感，繽紛的外型肯定攻佔IG版面！（圖片提供／太魯閣晶英酒店） 蜷尾家 X舊振南攜手打造端午節聯名夢幻「綠豆椪雪餅」 風靡全亞洲的...,Yahoo奇摩旅遊編輯部",https://travel.yahoo.com.tw/這四款話題冰品，沒吃到就跟不上流行啦！-122803331.html
"巨型美腿造景好吸睛！台中彩虹系打卡新景點,文／MOOK景點家編輯部整理報導 台中再添一處打卡新亮點，位在石岡區的彩虹山舍，結合民宿與餐廳，以彩虹為主題，不僅有有彩虹的建築，還有彩虹鉛筆、黑白琴鍵階梯，最顯眼的是巨型美腿造景，搭配較高的地勢，可以俯瞰平原美景與遠方的山巒。 彩虹鉛筆裝置藝術 (圖片提供／_tiff. 黑白琴鍵階梯 (圖片提供／zhe. 彩虹山舍夜景 (圖片提供／zhe.,MOOK景點家",https://travel.yahoo.com.tw/巨型美腿造景好吸睛-台中彩虹系打卡新景點-083000020.html
"【桃園免費展覽】超可愛的嚕嚕米現身台茂購物中心，四大主題一次拍個夠，本月最熱門親子景點！,旅遊美食部落客/Fun閃情旅】超可愛的嚕嚕米出現在桃園台茂購物中心！而且還是免費展覽，太開心了~。之前看到「嚕嚕米夏日旅行主題展」的活動預告就超級期待，特地挑了個平日來看看，嚕嚕米的人氣太夯啦，居然連平日都排列小小隊伍！ 詳細活動內容可以到台茂FB粉絲專頁看看哦! ●台茂生日慶 x 嚕嚕米夏日旅行主題展 (6/6～7/2) ●展出位置：B2挑高中庭 (免費) ●營業時間 ：11:00~22:00 ●地址：桃園市蘆竹區南崁路一段112號 原文連結/Fun閃情旅,Yahoo奇摩旅遊網友投稿",https://travel.yahoo.com.tw/桃園免費展覽-超可愛的嚕嚕米現身台茂購物中心-四大主題-次拍個夠-本月最熱門親子景點-071501672.html
"沒包料也香味四溢！台北五大蔥抓餅,文／MOOK景點家編輯部整理報導 ​ 蔥抓餅是許多饕客最愛的小吃之一，香噴噴酥脆的餅皮，搭配豐富美味的內餡，令許多饕客都忍不住一口接一口。以下整理台北五間人氣必吃的店家，不論是單吃餅皮或是加內餡，都相當美味。 非常好吃蔥抓餅 (圖片提供／celine_foodlover) 1. 非常好吃蔥抓餅 隱身在台北東區216巷內的非常好吃蔥抓餅，蔥抓餅餅皮酥脆微焦有嚼勁，咬下去口感鬆軟多層次，再刷上特製的醬料，美味連明星都會特別來造訪。 地址：台北市大安區忠孝東路四段216巷19弄2號 營業時間：11:00 - 20:00 打至蓬鬆的天津蔥抓餅 (圖片提供／peggyou989) 2. 天津蔥抓餅 位在永康街的天津蔥抓餅，是...,MOOK景點家",https://travel.yahoo.com.tw/沒包料也香味四溢-台北五大蔥抓餅-050000680.html
"屈原也說讚！端午吃粽觀龍舟,連假怎麼安排？粽子店家清單快筆記，再散步水岸看賽龍舟 端午節3天連假 北中南河濱都有精彩賽事和點綴 粽子吃好吃滿外，也和家人朋友一同出遊散步 【南北粽大PK】 1.新北＊劉家石門肉粽 北部最有名的十八王公肉粽，糯米加上滷過三層肉，鹹香入味 2.新北＊30年無名老店 糯米炒香粒粒分明，包裹豐富的蛋黃、瘦肉、香菇、花生 3.高雄＊郭家肉粽 正宗高雄味就是肉粽+醬油膏+花生粉，綿密糯米有肉香 4.台南＊明和菜粽 天還沒亮就賣完，飽滿花生和糯米用月桃葉包起，散發特殊葉香 【換口味吃特色粽】 1.新竹＊野薑花粽 逛內灣老街順便吃當地名產野薑花粽，道地客家古早味 2.澎湖＊迷你...,Yahoo奇摩旅遊編輯部",https://travel.yahoo.com.tw/video/屈原也說讚-端午吃粽觀龍舟-034109810.html
"台灣也有伊藤潤二的鬼屋了！今年暑假恐怖體驗展絕命逃走預備,伊藤潤二恐怖體驗展—絕命逃走中」，重現當代恐怖漫畫大師「伊藤潤二」世界觀，驚選12篇經典章節，打造雙主題奇幻鬼屋—恐懼鎮＆告別市 ，帶你看見大師的創作中令人恐懼的根源，挑戰你最不想面對的感官體驗！今年（2018)暑假7/14～9/16將在新光三越台北信義新天地A9館駭人登場。 除了讓人嚇破膽的鬼屋，居然還有隱藏版展區！裡頭將獨家展出大師創作中令所有人恐懼的根源：來自森田病院的富江X光片、下落不明帶著詛咒的翡翠、來自南美洲需賭上性命才能吃到的蜜……. ，光想就覺得毛骨悚然啊！ 地點：新光三越台北信義新天地A9館 9樓 期間：2018年7月14日(六)～9月16...,妞時尚",https://travel.yahoo.com.tw/台灣也有伊藤潤二的鬼屋了！今年暑假恐怖體驗展-033055595.html
"頂級日式火鍋～鑄鐵鍋煮火鍋，吃得到日本和牛、活飽魚、活體龍蝦！,喜歡高質感火鍋的朋友一定不能錯過鮨一の鍋，清爽甘甜的日式湯頭，搭配著頂級食材，即使是夏天也很享受呢。鮨一の鍋源於鮨一Sushi Ichi，承襲日式無菜單料理特色，除了精緻有質感，食材的高檔美味，更讓舌尖感到無比幸福啊。 鮨一の鍋鄰近捷運大安站，步行約8分鐘即可抵達。簡約的外觀相當有日式風味。 特選豬肉 - 左邊為伊比利梅花豬 80g(約四片)、右邊為台灣黑毛松版豬 60g(約四片)，豬肉吃起來帶點脆帶點Q，鮮美無腥羶味的口感，完全不輸牛肉呢。 特選牛肉 - 左邊為美國Prime牛小排，右邊為日本和牛 50g(約兩片)、都是相當頂級的牛肉，讓人回味無窮...,Yahoo奇摩旅遊網友投稿",https://travel.yahoo.com.tw/頂級日式火鍋-鑄鐵鍋煮火鍋-吃得到日本和牛-活飽魚-活體龍蝦-020356855.html
"餐飲界的101，大器堆到像山一樣高，浮誇用料滿到連碗都快裝不下！,這麵線是來雙月必點的人氣招牌，當然還有一味油飯也不容錯過！傳統手工做法，吃起來會感覺有明顯的Q度與彈性，油蔥的香氣表現不錯，調味也不會過於油膩。 剛開始看不覺得它有什麼特別之處，等一夾起來才發現，這麵線份量也給得太大器了吧！還好我今天有帶槍手來，不然點滿這整桌我肯定吃不完！XD 食材多到滿出來、連碗都快裝不下，根本就是雙月的基本特色了！XD 不是我在說，不光光是這個蛤蜊雞湯，連其它口味也是像這樣很浮誇的路線。,Yahoo奇摩旅遊網友投稿",https://travel.yahoo.com.tw/餐飲界的101-大器堆到像山-樣高-浮誇用料滿到連碗都快裝不下-001809981.html
"台北人氣爆棚燒肉名店。米其林摘星星！,慶祝大腕獲得米其林星星，特地預約跑來吃肉肉 這次的座位也是在吧檯，通常超過4個人以上，才會坐在旁邊矮桌區 現在的 menu 圖文並茂，光看圖片都餓了 限定菜色要看看牆上 or 問店員，有問有機會得概念 麒麟生啤酒 $240 ► 吃肉一定要配酒呀，不然就不完整了 友善提醒: 飲酒勿開車!! 飲酒過量，有害健康!! 柚子酒 $220 ► 身為柚子酒狂熱者，點一杯只是剛剛好而已 話說在餐廳的柚子酒都很迷你，這的也很迷你，認真愛喝可以趁去日本的時候買2瓶回家 鮭魚茶漬飯 $75 ► 自從看了深夜食堂後，每次到日式餐廳必點 份量不大，2人分食大概就是吃個感覺，味道是清爽的，不錯 鹽蔥牛舌 $400 ► 一份4片...,Yahoo奇摩旅遊編輯部",https://travel.yahoo.com.tw/台北人氣爆棚燒肉名店。米其林摘星星！-161025252.html
"想像泰山一樣體驗刺激的溜索不用跑到山林中 位於研究院路二段旁的♫九如公園♫就可以玩的到 好玩的溜索大人小孩都可嘗試,大港墘公園兒童遊戲場範圍其實不大，適用年齡為2-12歲，但除了遊樂設施外，一旁的大草皮足以讓孩子們瘋狂跑跳了，記得帶上野餐墊，帶顆球或飛盤等都可以開心玩上半天 很喜歡看板上的這段話：「大人請用鼓勵代替限制、用陪伴取代管教」～孩子的成長只有一次，真的需要大人們的陪伴與教養 由繩索、木頭組合而成的冒險之丘相當新奇有趣，讓孩子們可以訓練平衡感、手部肌力等更可以挑戰自我、贏得自信心，是很棒的訓練場！ 整座公園預計還要一段時間才會完整的與大家見面，聽說面積廣達2.5公頃，讓人好期待！ 想要玩得盡興只能平日來唷，然後要記得做好防曬措施，或是晚點來，免得...,親子就醬玩",https://travel.yahoo.com.tw/想像泰山一樣體驗刺激的溜索不用跑到山林中-位於-160040096.html
"海鮮＋酒，夏天最高享受！跟上美國曼哈頓最潮食尚,海鮮加上酒，是夏天夜裡的最高享受！而紐約曼哈頓最新餐飲概念：時尚、海鮮、美酒三位一體，是現在美國跟台北時尚界最夯的飲食潮流，現在台北信義區新登場的花酒藏海鮮吧、「牛排教父」鄧有葵的Raw Bar，也能吃得到跟美國同步的時尚海鮮酒吧，身為潮男、潮女的你，可不能錯過！ 今年四月新開幕的「花酒蔵海鮮吧」，佔地131坪，有160個座位，舒適的沙發區中可以飽覽台北101的萬種風情，碼頭風設計，讓人如同置身於港邊，空間更以投影幕營造出海灘意像，讓人身在室內，卻有在海邊踏浪的清涼錯覺。期望能讓用餐者的感官，從味覺、嗅覺、視覺到感覺，都可以得到最大的...,Yahoo奇摩旅遊編輯部",https://travel.yahoo.com.tw/海鮮＋酒，夏天最高享受！跟上美國曼哈頓最潮食-155736293.html
"堤諾比薩 Tino's Pizza Café板橋府中門市 暖心的義大利經典拿坡里比薩溫暖嘴和胃,OREO咖啡冰沙現磨的濃縮咖啡，加入Oreo現打而成，喝的到Oreo脆片口感 半開放的廚房看的到餐點志做過程讓人放心，感覺府中這家堤諾比薩，應該偏近期開幕的，人員們都很有服務熱忱，木質的裝潢讓人感到溫馨，特別在12月這暖心有聖誕節的月份，感覺好適合在堤諾比薩度過歐 堤諾比薩Tino's Pizza caf'e 店址: 新北市板橋區公園街20號(板南線府中站1號出口) 電話: 02-29581059 營業時間: AM11:00~PM21:30,Yahoo奇摩旅遊網友投稿",https://travel.yahoo.com.tw/堤諾比薩-tino-apos-pizza-caf-150447674.html
"不夠厲害不推薦～精選台北5家窯烤披薩，道地義式口味寵壞味蕾！,你是美式披薩還是義式披薩迷？這篇整理了台北5家擁有真功夫的義式窯烤薄皮披薩！炎炎日頭食慾不佳，看師傅手擀麵皮、鋪上滿滿餡料和起司，讓現烤香脆的牽絲窯烤披薩療癒你的胃～ 用柴火烘烤簡單美味 #So free pizza 柴燒窯烤 （Photo by IG@grissomlai, 圖片來源） 公館頗具盛名的窯烤披薩「So free pizza」，店外的磚瓦窯由店主人和朋友親手搭建，使用木柴生火加熱，每一片香酥美味的披薩，全靠鎮店之窯烘烤製成。而餅皮經過手工揉麵、甩打、發酵、桿麵打造入口酥鬆口感。店主人也很重視永續環保，使用漂流木、廢料和二手傢俱，佈置出風格獨具的用餐空間。 2...,Yahoo奇摩旅遊編輯部",https://travel.yahoo.com.tw/不夠厲害不推薦～精選台北5家窯烤披薩，道地義式-091351732.html
"新竹 | 清新小文青風格咖啡館在竹東,位置在熱鬧的大同國小與蕭如松藝術園區，但整間店因為潔白的讓人覺的靜謐，本身喜歡的咖啡館，原本沒有特別偏好的簡約白色系，但這間卻因為氛圍不因簡約而給人感覺冷淡，反而小巧的店面、綠意植栽的巧妙點綴和小角落那一幅幅來自插畫家 aeiou的畫作與書籍，格外讓人覺得溫馨，完全的吸引我喜歡啊,Yahoo奇摩旅遊編輯部",https://travel.yahoo.com.tw/新竹-清新小文青風格咖啡館在竹東-081845066.html
"韓國雪冰！太神奇～冰淇淋做的海鮮壽司你吃過嗎??,div class=""readableLargeImageContainer"">炎炎夏日～ 今天來分享一家之前吃過，覺得蠻特別的造形雪冰 新推出的明太子雪冰 不說還以為是日式生魚片握壽司呢！！ 雪花堂韓國雪冰隱藏在三重大智街巷內 營業時間從4月初到11月初而已 趁著夏天來臨 趕緊約好朋友一起去嚐鮮 30秒影片搶先看,Yahoo奇摩旅遊編輯部",https://travel.yahoo.com.tw/韓國雪冰！太神奇～冰淇淋做的海鮮壽司你吃過嗎-075041467.html
"來自美國紐約超人氣拉麵！濃郁香醇雞白湯一吃上癮,這家來踩點的是東區的，接近市民大道整間店的座位數不算多～ 搭捷運的話可從忠孝復興站5號出口步行往市民大道方向 鳥人厚切叉燒拉麵 NT. 醬子zoom in來看一下是不是真的好厚一塊！！！叉燒的表層經過噴槍的炙燒咬下時有微焦香氣， 叉燒麵超入味又柔軟，口感超推超好吃～～～～ 鳥人咖哩拉麵 NT. 唐揚炸雞 NT.,Yahoo奇摩旅遊編輯部",https://travel.yahoo.com.tw/來自美國紐約超人氣拉麵！濃郁香醇雞白湯一吃上-074601368.html
"霜淇淋×泡芙幸福秒消暑！ZAKUZAKU「萌雪棒棒泡芙」全台上線開吃,日本人氣居高不下、總是不斷推出新口味的時尚街拍甜點ZAKUZAKU棒棒泡芙，最近配合夏季到來，再度出動超消暑的限定口味「萌雪棒棒泡芙」，在北中南三間分店開賣囉！ 萌雪棒棒泡芙，日文原名是「Hiyazaku」，取日文的「Hiyasu（沁涼）」及「ZAKUZAKU」結合，當棒棒泡芙一碰上濃郁的霜淇淋，就迸出這完美的夢幻口感啦！ 瞧瞧這畫面多麼誘人吶…（吞口水）（想吃） 另外這次ZAKUZAKU棒棒泡芙也針對線上會員推出限定好康回饋，加入線上會員或既有會員，皆可獲得「禮物券」，獨享「購買棒棒泡芙不限口味，買2支送1支原味棒棒泡芙」的...,妞時尚",https://travel.yahoo.com.tw/霜淇淋x泡芙幸福秒消暑！zakuzaku「萌雪棒棒泡芙」全-054404094.html
"台北捷運美食推薦【伍伍零-咖啡與餐】 美美的乾燥花點綴用餐環境，IG打卡餐廳。網美、網紅、部落客最愛,伍伍零-咖啡與餐 座落於「台北捷運芝山站」步行約不到2分鐘腳程即可抵達，路邊停車，交通上還算方便，重點是裡面美美的乾燥花佈置，用餐氣氛佳，很容易讓人舒服的一待整個下午不想離開。 期待已久的週末，就該如此愜意，約約朋友喝咖啡，聊聊彼此近況，將一整週的壓力釋放。 一進門直覺：挖！好美的一家店，好適合約會喔！ 櫃台對面、門口旁販售的可愛日式小物 座位設置採多人座為主，很適合三五好友聚餐、情人約會……等。 美美的乾燥花點綴用餐環境，有許多網紅、網美或是部落客特地來店取景拍照打卡。 連WC都有小巧思 點完餐點後，和朋友小聊一下，餐點很快上桌囉...,Yahoo奇摩旅遊網友投稿",https://travel.yahoo.com.tw/台北捷運美食推薦-伍伍零-咖啡與餐-美美的乾燥花點綴用餐環境-ig打卡餐廳-054043260.html
"傻瓜麵一點都不傻瓜，一麵三吃好聰明！,傻瓜麵(大) 60元， 乾意麵(小) 40元， 貢丸湯 30元， 高雄黑輪蘿蔔湯 30元， 高雄黑輪綜合湯 50元， 簡單點了手工油豆腐 20元與米血糕 20元，,Yahoo奇摩旅遊網友投稿",https://travel.yahoo.com.tw/傻瓜麵-點都不傻瓜-麵三吃好聰明-051121933.html
"Snoopy Run史努比路跑－超萌超療癒的路跑大會，6/9在大佳河濱公園,[部落客/陽光姐] 一早騎著機車從松江路往北到濱江街，從大佳國小旁的9號水門進入了大佳河濱公園，停好了車就到了活動的服務處前面！ 由於跑步的T-shirt和號碼牌事前都已經寄到家裡，所以也不用再來大會報到登記，只要穿好可愛的史奴比路跑T-shirt，別好號碼牌，就可以直接到起跑線出發，省去報到的時間 先在一旁的大帳篷下面暖暖身，等一下要跑個3.5公里哩！不過想要散步也可以啦～基本上就是繞著大佳河濱公園跑或走一圈 到了起跑點前！為了避免跑道上有太多的跑者，所以起跑分成好幾個梯次，雖然姐被安排在9點20那一組，但其實分組並沒有硬性的規定，只要到起跑線，就...,Yahoo奇摩旅遊網友投稿",https://travel.yahoo.com.tw/snoopy-run史努比路跑-超萌超療癒的路跑大會-6-9在大佳河濱公園-050248923.html
"台北君悅酒店 Ziga Zaga義大利餐廳－精緻美味五星級料理餐點，食尚品味與娛樂空間，全方位的感官享受！,【食旅作家／鄭小柔】位在君悅酒店二樓的Ziga Zaga義大利餐廳，重現經典義式料理，以頂級食材與料理技法，呈現一道道經典美味的佳餚！ 周末家庭分享餐 Family set 薄皮披蕯餅皮邊緣微焦而香脆，中間柔軟Q彈有靭度， 爐烤頂級美國沙朗牛排（400ｇ） 肉質柔軟鮮嫩，愈嚼愈多汁，帶筋處Q彈有嚼勁， Grand Hyatt Taipei - 台北君悅酒店 電話：02 2720 1234 地址：台北市信義區松壽路2號 官網：http://taipei.grand.hyatt.com 線上訂房： https://goo.gl/qx6LWJ,Yahoo奇摩旅遊網友投稿",https://travel.yahoo.com.tw/台北君悅酒店-ziga-zaga義大利餐廳-精緻美味五星級料理餐點-食尚品味與娛樂空間-015409655.html
"東湖最有誠意的爌肉飯，蔬菜滿點！,【葉癮評饗 / 里夫】前陣子分享『大東湖覓食地圖』後，內湖PTT鄉民朋友反饋給我不少推薦名單，有些我已吃過還沒寫食記分享，有些我還真沒注意過， 大家推薦的名單好多，但今天介紹這間『東湖張記小吃』被留言推薦的次數相當高， 某天我就找了下地址過來試試看口味，發現原來就在前陣子介紹的『布諾手工窯烤披薩』斜對面， 這條巷子以安親班、才藝班、美甲美睫店居多，平常真的較少逛到這邊來，難怪已開業幾十年的老店卻沒被我注意到。 『東湖張記小吃』菜單價位(2018.05) 以內湖來說，這價位好親切啊！ 餐點的種類蠻多的，魯肉飯、麻醬麵、青菜，都比東湖路上的均價便宜...,Yahoo奇摩旅遊網友投稿",https://travel.yahoo.com.tw/東湖最有誠意的爌肉飯-蔬菜滿點-165215059.html
"不用上山，在公園裡也能喔咿喔咿喔～台北九如公園,想像泰山一樣體驗刺激的溜索不用跑到山林中，位於研究院路二段旁的♫九如公園♫就可以玩的到，好玩的溜索大人小孩都可嘗試。,親子就醬玩",https://travel.yahoo.com.tw/不用上山，在公園裡也能喔咿喔咿喔～台北九如公-160020682.html
"1000元爽吃台北超高級義法餐廳！！（台北捷運-劍南站）,再次來到位於台北捷運-劍南站的美福酒店！！ 繼上次吃過了美福的超高級鐵板燒料理以後， 這次要再帶大家來爽吃台北超高級義法餐廳！！ 而且在這麼高級的餐廳〜竟然只要1000元？！ 嘿嘿嘿〜〜〜趕快跟我來美福看看吧！！Go〜！ 美福酒店資訊在這 https://www.grandmayfull.com/ 影音來源：默森夫妻,默森夫妻",https://travel.yahoo.com.tw/video/1000元爽吃台北超高級義法餐廳-台北捷運-劍南站-082731455.html
"古早味粉漿軟蛋餅。人生硬著幹蛋餅軟著吃！,走啊，吃早餐 」 阿寶的娘有一天大清早的這樣說，嚇得阿寶連眉毛都沒畫就出門陪吃 7:20 從圓山出動，一路到信義安和站，在日光中散步到門口已經8:30 沒想到座位全滿，大家為了早餐真得好拼命 戶外還剩一桌，順利入座就開始看看 menu，這裡除了蛋餅還有飯糰 蛋餅口味選擇不少，今天有爹娘一起，可以吃到3種口味!! 台味香料九層塔蛋餅 ► 阿爸的，那個外皮看起來就酥脆脆的 一口咬下去那個餅皮Q軟Q軟，還滿滿的九層塔香，阿爸超喜歡 特寫，這地瓜球口感比較像是炸湯圓，裡頭還有夾餡!! 種顏色包的內餡還不一樣 用餐時間是5月中，拖超久才寫的 哈哈哈 心得 ► 古早味粉漿軟蛋餅...,Yahoo奇摩旅遊編輯部",https://travel.yahoo.com.tw/古早味粉漿軟蛋餅。人生硬著幹蛋餅軟著吃！-173814374.html
